121.4047,120.4013,2.006689
119.8997,134.9498,10.03344
47.65886,124.9164,108.3612
61.20401,133.9465,111.3712
31.60535,106.8562,7.525084
110.8696,108.8629,10.03344
61.70568,93.31104,119.8997
46.15385,107.8595,106.8562
97.32442,109.8662,45.65217
110.3679,100.3344,51.17057
36.1204,109.8662,59.19732
67.72575,108.8629,114.3813
106.8562,147.9933,94.31438
46.65552,111.8729,13.54515
94.31438,56.18729,47.65886
15.55184,106.3545,9.531773
92.80936,76.25418,71.73913
40.63545,137.9599,101.8395
29.59866,101.3378,88.29431
52.67559,85.78595,130.9365
105.8528,135.4515,128.9298
110.3679,136.4548,106.3545
90.80267,7.023411,98.32776
96.32107,124.9164,51.67224
60.70234,65.21739,98.32776
94.81606,138.9632,116.388
35.61873,123.913,28.09365
91.80602,7.525084,81.77258
127.9264,150,30.10033
88.79599,60.70234,70.23412
90.301,142.9766,24.58194
47.65886,68.22742,107.8595
66.7224,149.4983,90.80267
34.61538,97.82609,48.16053
124.9164,109.3645,24.08027
123.4114,122.408,34.11371
119.8997,113.3779,59.19732
107.8595,9.531773,95.8194
89.79933,81.77258,19.56522
19.56522,104.8495,59.19732
135.9532,34.61538,126.4214
27.59197,93.31104,102.8428
5.016722,68.22742,144.4816
21.07023,68.7291,144.4816
42.64214,140.9699,82.77592
77.7592,91.80602,120.4013
40.63545,52.67559,5.016722
95.31773,83.2776,3.511706
48.16053,73.24415,78.76254
56.68896,127.4248,93.81271
20.56856,150,125.4181
82.77592,22.07358,96.32107
6.521739,22.07358,88.79599
109.3645,77.25752,68.22742
127.4248,40.13378,31.60535
69.23077,144.9833,74.24749
130.9365,59.19732,138.9632
116.8896,38.12709,19.56522
81.77258,117.893,11.03679
117.893,118.8963,74.74916
137.9599,126.9231,94.81606
34.61538,94.31438,17.55853
101.8395,89.29766,90.301
41.13712,94.81606,79.26421
63.2107,25.08361,84.28094
138.9632,33.61204,21.07023
68.7291,33.11037,142.4749
105.3512,138.9632,145.9866
0.5016723,19.06355,52.67559
42.64214,132.9431,121.9064
12.04013,144.4816,99.3311
146.99,26.08696,117.3913
113.3779,59.699,42.64214
97.82609,54.1806,30.60201
20.06689,67.22408,9.0301
75.75251,143.9799,17.55853
94.31438,105.8528,100.8361
60.20067,94.31438,103.8462
49.66555,41.6388,100.8361
0.5016723,25.08361,74.24749
143.9799,54.68227,79.76588
102.3411,69.73244,51.67224
84.28094,68.7291,38.12709
23.07692,114.3813,79.26421
78.76254,15.55184,35.61873
71.73913,70.23412,86.7893
48.16053,130.9365,55.68562
136.9565,28.59532,141.4716
38.62876,55.68562,29.09699
88.79599,100.3344,57.19064
24.08027,28.59532,24.58194
92.30769,127.4248,28.09365
127.9264,20.06689,92.80936
137.4582,117.893,18.0602
119.8997,96.82275,140.9699
78.26087,107.3579,94.31438
39.63211,44.14716,65.71906
143.4783,48.66221,64.21405
126.4214,95.31773,91.30434
108.3612,86.28763,144.4816
100.3344,21.07023,48.66221
30.60201,143.9799,136.4548
123.913,41.13712,55.68562
25.08361,135.9532,115.8863
128.9298,47.15719,110.8696
117.3913,102.8428,79.26421
45.65217,107.3579,33.11037
111.8729,148.495,35.61873
62.20736,61.70568,133.4448
49.16388,67.22408,34.61538
127.9264,2.006689,102.3411
63.2107,41.6388,91.80602
17.05686,52.67559,140.4682
133.9465,36.62207,99.3311
5.016722,42.14047,24.58194
77.25752,42.64214,132.4415
51.67224,65.21739,147.9933
122.408,57.19064,99.3311
16.55518,6.521739,38.62876
2.006689,55.18394,14.04682
106.3545,24.58194,18.56187
124.9164,59.19732,29.59866
79.26421,148.9967,106.8562
63.71238,32.10703,126.9231
147.4916,4.51505,116.8896
131.4381,17.55853,108.8629
45.1505,136.4548,12.04013
90.301,126.4214,0.5016723
111.3712,46.65552,137.4582
18.56187,0,53.17726
99.3311,43.64548,11.53846
53.67893,122.408,33.61204
148.495,6.521739,11.03679
60.20067,134.4482,20.56856
10.53512,141.4716,57.69231
14.5485,106.3545,92.80936
91.80602,37.62542,93.31104
109.3645,33.61204,2.508361
76.75585,90.301,8.528428
122.408,19.56522,17.55853
104.8495,140.9699,75.25084
80.26756,26.58863,23.5786
4.013378,61.20401,52.17391
100.3344,43.14381,125.4181
11.03679,137.9599,12.04013
68.22742,104.8495,10.53512
24.08027,55.68562,49.16388
49.16388,150,20.06689
3.010033,111.8729,22.57525
96.32107,19.06355,6.020067
136.4548,56.68896,8.026756
24.58194,36.62207,62.70903
40.63545,83.2776,98.32776
42.14047,43.64548,115.3846
144.4816,19.56522,31.10368
45.65217,39.63211,30.60201
12.54181,13.54515,12.04013
115.8863,147.9933,129.9331
147.4916,78.26087,122.408
134.4482,76.75585,111.8729
92.30769,3.010033,5.016722
113.3779,110.3679,131.9398
119.8997,46.65552,75.75251
149.4983,65.21739,110.8696
74.24749,136.4548,51.17057
24.08027,140.4682,89.29766
62.70903,102.8428,43.14381
100.3344,20.06689,66.22073
76.75585,37.62542,7.525084
82.27425,8.026756,16.55518
63.71238,39.63211,56.18729
138.9632,40.13378,46.65552
135.4515,143.9799,51.17057
106.8562,30.10033,140.9699
133.4448,13.54515,63.71238
31.60535,129.9331,54.1806
51.67224,79.26421,8.528428
86.7893,132.9431,62.70903
144.4816,136.9565,144.4816
6.521739,31.60535,12.54181
92.80936,66.22073,103.8462
13.54515,59.19732,35.61873
87.29097,85.78595,141.4716
120.903,68.22742,128.4281
79.26421,100.8361,135.4515
135.4515,88.29431,127.9264
12.04013,132.9431,40.63545
119.398,22.07358,67.22408
145.485,41.13712,148.9967
138.9632,141.4716,129.4314
6.020067,97.32442,137.9599
128.4281,62.20736,82.27425
48.16053,110.3679,122.9097
90.80267,58.19398,16.55518
1.505017,64.21405,80.26756
14.04682,32.10703,99.83278
7.525084,74.74916,113.8796
38.12709,60.20067,61.20401
73.24415,83.2776,54.1806
57.19064,33.11037,42.64214
85.28428,119.398,132.4415
118.8963,144.4816,50.16722
70.23412,51.67224,69.73244
102.8428,31.60535,36.1204
9.531773,91.80602,27.59197
2.508361,146.99,22.57525
83.77927,148.495,148.9967
110.8696,93.81271,102.8428
79.26421,0,67.22408
88.79599,89.79933,104.3478
5.016722,128.4281,74.74916
83.77927,30.60201,42.64214
6.521739,139.4649,136.9565
73.24415,7.525084,80.26756
11.53846,8.026756,130.4348
99.3311,93.31104,74.24749
109.8662,2.508361,14.5485
74.74916,82.27425,34.61538
11.03679,121.4047,144.4816
45.1505,58.19398,87.29097
124.9164,98.32776,109.8662
100.3344,51.17057,102.3411
123.913,135.9532,148.495
1.505017,8.026756,66.22073
76.75585,66.7224,8.026756
107.8595,52.17391,56.68896
150,129.4314,68.22742
7.023411,125.9197,2.006689
127.4248,136.9565,108.3612
53.67893,79.76588,65.21739
146.4883,79.76588,39.63211
91.30434,116.388,147.9933
86.7893,150,124.9164
12.04013,129.4314,89.79933
113.8796,75.75251,94.81606
93.31104,46.65552,78.76254
98.82943,74.24749,125.4181
6.020067,4.51505,24.58194
18.56187,45.65217,119.398
119.398,63.71238,150
10.53512,98.82943,120.903
144.4816,149.4983,34.61538
4.51505,19.06355,105.3512
121.9064,118.8963,145.485
0.5016723,40.13378,79.76588
27.0903,41.6388,13.54515
1.505017,31.60535,128.4281
69.73244,1.003345,52.67559
86.28763,42.64214,26.58863
11.03679,56.68896,68.22742
135.4515,65.71906,58.19398
62.20736,147.4916,51.17057
36.62207,141.4716,27.0903
84.78261,108.3612,119.8997
101.8395,143.9799,3.511706
14.5485,73.24415,55.68562
145.9866,68.22742,24.08027
2.508361,148.495,86.28763
120.4013,18.0602,122.408
8.026756,41.13712,150
65.21739,137.9599,133.4448
40.13378,144.9833,58.69565
129.4314,117.893,130.4348
21.07023,111.3712,114.8829
65.71906,115.3846,67.22408
41.6388,114.8829,138.4615
18.0602,34.61538,80.76923
6.020067,5.016722,112.8763
57.69231,103.8462,146.99
104.3478,114.3813,89.29766
113.8796,129.9331,88.79599
125.4181,4.013378,128.4281
71.73913,70.23412,149.4983
27.0903,58.69565,126.9231
85.28428,26.58863,115.3846
140.4682,0,71.73913
142.4749,13.54515,97.32442
78.26087,31.10368,60.20067
24.08027,55.18394,93.31104
76.25418,38.12709,78.76254
138.9632,122.9097,46.65552
139.9666,22.07358,75.75251
1.505017,24.08027,146.99
22.07358,80.26756,31.60535
18.0602,23.5786,45.65217
3.511706,77.25752,97.32442
117.3913,70.73579,12.04013
10.53512,61.20401,102.3411
80.76923,16.05351,142.9766
132.4415,131.4381,60.70234
90.80267,122.408,94.31438
47.65886,90.301,30.60201
148.9967,54.68227,48.66221
60.70234,71.73913,20.06689
139.9666,82.27425,70.23412
64.71572,11.53846,140.9699
16.55518,92.30769,46.65552
70.23412,94.31438,66.7224
76.75585,98.82943,30.60201
136.9565,17.55853,48.16053
21.57191,84.28094,84.78261
67.72575,67.72575,66.7224
53.67893,38.12709,7.023411
1.505017,95.8194,106.3545
39.63211,65.21739,136.4548
48.66221,118.3946,66.22073
123.4114,90.80267,4.51505
131.9398,70.23412,42.14047
0.5016723,95.8194,11.53846
66.7224,118.3946,143.4783
11.53846,110.3679,40.63545
146.99,64.21405,130.4348
117.3913,82.27425,113.3779
96.32107,20.56856,126.4214
68.7291,16.55518,118.3946
36.62207,115.8863,91.30434
116.8896,117.893,103.3445
49.66555,69.73244,123.913
72.2408,68.7291,119.398
143.4783,19.56522,1.505017
113.8796,78.76254,42.14047
121.9064,93.31104,27.0903
70.73579,116.388,30.60201
92.30769,7.023411,44.64883
3.511706,44.14716,44.14716
25.58529,142.4749,44.14716
76.25418,2.006689,2.508361
145.9866,49.16388,33.11037
142.4749,0,149.4983
118.8963,7.023411,57.69231
110.3679,8.026756,42.14047
42.64214,150,1.505017
31.10368,72.74248,72.2408
2.508361,5.518394,87.79264
108.3612,2.006689,73.74582
62.20736,0.5016723,119.398
147.4916,75.75251,95.31773
101.3378,93.81271,24.08027
262.5,-26.5,96
-95.5,-132,-9
106.5,168.5,86
-139.5,156,17.5
63,-71,23.5
159,4.5,57
238,277,149
-14,77.5,95.5
295.5,103.5,28
-80.5,47.5,199
193.5,64.5,102.5
-5,50.5,134.5
-15.5,-2.5,146.5
-72,-69.5,59
274,187.5,131
200,126,73.5
255,-66.5,118
-148.5,-8.5,13.5
26,-118.5,89
266.5,27.5,80
180,284,65
293.5,19,-37
93,-78.5,191
161,132.5,105.5
-30.5,13,122
-66,-20,0
4,150.5,27.5
267,132,152.5
-67,66.5,193.5
23,-39,69
59.5,272.5,138
74.5,-75,177
283,42.5,46.5
-10,266.5,10
268,83,97
116,97,-27
138,289.5,96
-128,270,-50
289.5,143.5,164
19,-8,151
273,153.5,89
-71.5,250,-27.5
293.5,148.5,-2.5
249.5,-6.5,185
-93.5,190.5,85.5
144.5,100,178
62,152.5,25.5
256.5,270.5,104
-25.5,88,124
-93.5,187.5,102
74,273,33
-74,258,56
163,-52,85.5
-57.5,-32.5,147
230,-34,185.5
198,-97,132.5
-15.5,-145,-23.5
219,62,77
139,-46.5,162.5
208,281,82
-28,136.5,189.5
93.5,-37.5,-37
-56,-71,-18.5
247,-31,133.5
122,-26,-9.5
165.5,54,69
49,224,145
172.5,55.5,171
83,-85,68.5
125,54.5,151.5
-52,-145.5,33.5
86,160,28.5
237,-29.5,159
-75,84,52
16,-55,150
26,-24.5,92
259,37.5,95
232,138,-6
202.5,157,-22.5
-123,257.5,112.5
-6,200,182.5
-79.5,-77.5,-36.5
129,190.5,132.5
-10,268,45
25,166,4
-83.5,79,49.5
235,-76.5,181
280,-9.5,153.5
-8.5,-37.5,-39
203,-116,138
261.5,65,-21
158,122.5,159
208.5,-42.5,139.5
284.5,286,40
269.5,-52.5,87.5
16,166.5,195
202,71,116
49.5,214.5,7.5
66.5,236,159
21,285,157.5
-146,-3,-16
-73,86,64
119,243,172
204.5,4.5,144
227,94,65
46,-2.5,-43.5
263.5,143.5,153.5
42,117,166.5
-5,-63,183
239.5,149.5,97.5
192,164.5,10
116,-64,52
-9.5,35.5,48
-0.5,211.5,123
-145.5,248.5,-1
-13.5,90.5,136.5
264.5,2,-23
249.5,205.5,-47.5
130,-10.5,181
174,22,28
-69.5,64,186.5
221,43.5,106
27,212.5,21.5
-28,105.5,4.5
94,-9.5,50
-117,211.5,-11
176.5,97,184.5
-141.5,154.5,119
-7,256,79
49.5,270,-35
-56.5,149.5,93
196,-144,69.5
-62.5,20.5,195
146.5,-98,125.5
-78.5,219.5,159
243.5,145,-6
-86,115.5,107.5
155,170.5,54.5
123,214,163
121,151,86
173.5,170,115.5
97,19.5,180
-130,88.5,102.5
147,58.5,178.5
-144,95.5,175
-97.5,42.5,94
212.5,169.5,-20.5
-79,-87.5,-5
80,255,18
-33,67.5,28.5
111.5,293.5,-39.5
145.5,292,151
170.5,155.5,-35
-86.5,173,15
-90,29.5,33
-18.5,-70.5,46.5
-56.5,-117.5,-48.5
-97,31.5,183.5
236.5,87.5,44
89,147.5,178.5
75.5,197.5,110
-61.5,124,181.5
22,221.5,62
-134,61,101.5
293,283,65.5
-16,61.5,135.5
-112,-104.5,6.5
192.5,165.5,46
-79.5,76,198.5
-118,228,98
-99.5,177.5,137
-135.5,160,73.5
81.5,-40.5,-38
44.5,-10.5,76
77.5,192,4.5
130,-8,149
-144.5,-61,109.5
14.5,181.5,158
-81,134,57
255.5,220,44.5
118,-63,-32.5
144,152.5,-1
-54,174.5,132.5
285,169,25.5
-71,-40,189
-10.5,186.5,-45
226,276,53.5
250,212.5,135.5
-53.5,61,149.5
183.5,153,167
-84,56,83.5
-123,-1,113.5
215,298.5,13
-54.5,50.5,114
62.5,65.5,-35
286,70.5,127.5
-87.5,-60.5,124.5
154.5,-39.5,198.5
-64.5,239.5,191.5
-93,-122,-10.5
182.5,140,15.5
60.5,207,-31.5
286,-75,-22.5
21.5,-138.5,-11
-48.5,-79,26
17.5,-70,-21
88.5,229,77
171,222.5,-8.5
6,201.5,134.5
-111,176.5,-42
288.5,-47,-48.5
-45,112.5,7
193.5,-148.5,-32.5
-92,-138,-22.5
86.5,160,-4.5
242.5,-150,24
122,253.5,154.5
80.5,163,189
138,-103,-12.5
1.5,-29.5,186
-43.5,-57.5,184
202,222,19
-77.5,166,89
81,224.5,4.5
37,-119.5,53
-7,201.5,190.5
165.5,-3,-40.5
147,-34.5,69.5
49,219,30.5
293.5,-21.5,85
-100.5,-105,141.5
142,16.5,-38.5
-94,-91,6
176.5,280,-39.5
-25,73,183
269,236.5,57
-121,33.5,32.5
235,178,102.5
118.5,-30.5,131
-57,247.5,166.5
223,81.5,124
-14,122.5,-37.5
105,-118.5,-30.5
-24.5,62.5,117
-137,190.5,159.5
270,6.5,17.5
-29.5,-7,79.5
-52,124,45
266,73.5,-3.5
-51,54.5,186.5
-81,-87.5,140.5
-96.5,137.5,38
-83.5,224,189
-126.5,201,-36
0,-96,31
150.5,159,106.5
-86,-84,29
172.5,-125.5,45
-38.5,48.5,171.5
269,41,166
256,-107.5,170
-127,119.5,-23
269,255.5,136.5
-8.5,-6,151
170,295,121.5
221.5,213.5,121
260,61.5,195
150,11,-3.5
236.5,76.5,80.5
-95.5,-136,101.5
180,48.5,-14
76.5,205,85
13,165.5,13
-5,4,93
275,-48,134.5
203.5,134,153.5
-114,-92.5,125.5
-8,185.5,75.5
98.5,-99,26
50,-111,104
182,185.5,66.5
196,-131.5,125
130,272,105
4.5,-76.5,197
98.5,159,151
98.5,-119.5,-35.5
16.5,204.5,3.5
30,154.5,-48
-78.5,85,58
133,-136.5,117
-97.5,106,-16
-75,-83.5,98
229.5,57.5,84
-32,67,-28.5
50,296.5,78.5
261,-118,40
189.5,-98.5,40
162,-64.5,-17.5
204.5,11,74
-111,-38.5,-23.5
-25.5,216,197.5
204,-54.5,162.5
-134.5,73,177.5
62.5,42,-6
-147.5,271,135.5
108.5,-6.5,71.5
-107,215,128
-7.5,-37.5,-13
18.5,-8,146
17.5,198,27.5
145,-1,-4.5
52,-141,29.5
-143,121.5,39
-116.5,-16,35.5
57.5,-44,-44
126.5,-138.5,87
184.5,-100.5,127
224,126,-35
35.5,-28.5,167
-30,130.5,182.5
-52,145,-46.5
-80,-89,163
54,296,-42
214.5,-87,-14
254.5,193,117.5
-30.5,128,-9.5
132,163.5,123.5
45,231.5,70
206,5.5,-26
269.5,-37,62.5
54.5,224.5,109
-5.5,-48.5,111
-73,167,-27.5
257,-100.5,69.5
256,-103,86.5
-20.5,-62.5,-49.5
219,191,94.5
294.5,-75,183.5
115,206.5,134.5
57,-135,154
114.5,60.5,-31.5
-11,-130.5,11.5
174.5,162,187.5
279.5,-88.5,44.5
154.5,69.5,35.5
218.5,212,73
-90.5,155.5,24.5
115.5,-28,138.5
66,165.5,40.5
-91,212,123.5
198,-112,20
-128.5,-4.5,-13.5
-13.5,-82.5,-30
186.5,99.5,91
111,239.5,181
154.5,12,120
-84.5,-145.5,157.5
-37,91.5,90
289,188,156
148.5,-81.5,98.5
-31,-104,127.5
-134,166.5,-39
-125.5,245.5,120
111,-140,151.5
297.5,184.5,69.5
131.5,160,122.5
119,102.5,-40
97,267,134.5
274.5,79.5,95.5
55.5,172.5,72
-44.5,-19.5,117.5
284.5,66.5,17.5
188.5,185,143
-8,156.5,86.5
291,30,143
-112.5,254,170
287.5,-75,189
153,-117.5,98.5
-137,-133.5,173
54.5,-11,189
-15,-27,60.5
174,-98.5,103
259.5,-73,8
-121,103.5,96.5
-117.5,-19,84
-3.5,-126,84.5
-69,136,112
-62,186.5,9
244,-34,195
-51,285.5,170
290,139.5,76.5
223,-108,158
195.5,288.5,-30.5
-60.5,145.5,185.5
149.5,-10,191.5
81.5,66.5,-23
-27,57.5,86.5
-125,-49.5,102.5
-87.5,44.5,46
9.5,278,-3.5
-47.5,89.5,177
108.5,213,-30.5
246,-101,86
195,229,125
265.5,-106.5,15
-100,221,187.5
222,-141.5,117.5
118,232.5,3
-49.5,80.5,177
-12.5,56.5,156.5
108.5,288,-18.5
52,148,186
-143.5,159.5,199.5
92,206,85.5
210,17,110.5
247.5,-41,18.5
-130,-6.5,177
121,-47,113
-48,64.5,63
30,20.5,151.5
233.5,146,86
188.5,229,2.5
276.5,12.5,43.5
24,176,170.5
166.5,150,7
156,-17,162
-115,-73,-17.5
245.5,-56,78
247,117.5,159.5
206,-54,196
104,-149.5,-39
-6.5,-142,130
107.5,-115,21
-92,-136,16
-82,204.5,98
-28.5,-85,0.5
96,-79.5,187.5
170.5,293,48
94.5,-129,137
-102,267.5,21.5
225,5,111.5
110.5,103,-25
-122,248.5,140
-23.5,270.5,125.5
131.5,-19,27.5
49,-142.5,-48.5
194,40,155.5
-63,179,97
110.5,-39,-8.5
-120.5,-19.5,68.5
296.5,-78,54
-19.5,159,157.5
-51.5,223.5,158.5
-1.5,46.5,124
204,20.5,22.5
122.5,22.5,197.5
-7.5,-64.5,166
270,93.5,149.5
224.5,-75,36.5
298.5,9,96
-78.5,-142.5,96
184,133.5,6
270.5,263,-14.5
-34.5,-30.5,-44.5
22.5,-10,-21.5
217,146,170.5
56.5,-45.5,142.5
-116.5,4.5,108.5
-30,-136,64.5
267.5,70.5,-35.5
229.5,-36,163.5
95,288,80.5
17,249,171.5
51.5,83.5,-11
228.5,222,16.5
256,233,92.5
-109,108.5,188
-116.5,235,35
283.5,196,162.5
-146.5,-54.5,46.5
-118,89.5,20
53,154,113
177.5,-38.5,30
218,161.5,15
199,20,131.5
120,-90,198.5
149.5,143,-11.5
73,-109.5,48.5
266.5,50,57
144.5,160,167
-2,161,160
93,52.5,-38
112.5,165,20
142.5,140.5,176
276.5,284,-41
-49,165.5,-18
183,-71.5,66.5
236.5,258.5,14.5
282.5,135.5,167
47.5,209.5,-30.5
-113.5,272,-22
-56.5,210,31
9,121.5,-26.5
171.5,249.5,185.5
64,-20.5,126
236.5,27.5,-26.5
171,268.5,86.5
269.5,132.5,70
-36,192.5,20
70.5,-110.5,189.5
-75,43.5,183.5
-107,169,98
117.5,-63.5,-9
192,2,-45.5
250,174.5,48.5
142,222.5,68.5
59.5,-15.5,188
228,83,21.5
104.5,-94.5,116
-82,-148,88.5
-6,164.5,-47
278,200.5,33.5
243.5,152,2.5
179.5,242,66
65,215.5,-25.5
-118,-112.5,132.5
132.5,147.5,199
27.5,-4.5,-14.5
193,-98.5,178
135,271,184.5
205,51.5,193
288,112,143.5
245,-112.5,84.5
189,-3,155
248.5,-47,130.5
-15.5,100.5,14.5
248,288,-26
153,-112,7.5
-51.5,221,55
-134,43.5,181
231.5,210,126
183.5,-122,137.5
-95,235,-38.5
67.5,-135,71.5
-105,-136,36
182.5,-104,72.5
97,285.5,158.5
278,119,134
-85.5,36,136
252.5,76.5,162
-131,-127.5,-29.5
143,191.5,111
-78,230.5,170
38.5,276.5,73
-113,-7.5,104
116.5,265,14
65.5,-25,130.5
-90,261.5,8
190,259,190.5
150.5,-33.5,111
5,159,139.5
266,207.5,164.5
-136.5,177.5,192
114.5,-150,180.5
297.5,121,138.5
10.5,-6.5,116
14,76.5,-23
244,61,22
-94.5,144.5,72
-83,229,-23
204,191.5,32.5
129,-115,148.5
213,-39,134.5
180,-79,137.5
-45.5,291,76.5
190,108,-49
179,-65,-38.5
47.5,-55.5,-47.5
252.5,-10,56.5
123,-36,113
240,-66,140
227,208.5,115
-22.5,-122.5,96.5
-41.5,250,39
142.5,-127.5,135.5
-52,207,21.5
-37,-134.5,-28.5
69.5,161.5,17.5
80.5,33,-36
245.5,106.5,150
85,166,171.5
123,255.5,-13.5
-68,-124.5,74
217,250,-0.5
208,-81,-34.5
202,-50.5,41.5
204,-98,141.5
34.5,209,13.5
-8,44,-19
-16,130,161.5
-83,249.5,163
263,-43.5,98.5
-149.5,-41.5,10
278.5,71.5,70
168.5,56,-26
201.5,-53.5,170
119,288.5,189.5
-1.5,35.5,181.5
159,83.5,121
241.5,28.5,76
173,240.5,-42
68,194.5,-34
185.5,280.5,185
-110.5,-20,96
281.5,239.5,16
159.5,-134.5,109.5
-53.5,-110,3
-44,12.5,32
-53.5,-104,160
50.5,-42.5,154
-33,-105,43
-118,251.5,45
192.5,-148,111
193.5,79.5,28.5
-121,-105,101
186,242.5,112.5
130.5,258.5,126
219,-83.5,30.5
96.5,273,99.5
-128,-142.5,79.5
46,125.5,167
85,150.5,-31.5
142,199,127.5
11,214,148.5
-102.5,35,-15.5
-109.5,222,114.5
-124.5,105.5,107.5
274,44.5,50.5
-94.5,109.5,-29
289.5,77,116.5
205,284.5,130.5
141.5,37,-40.5
154.5,271.5,-17.5
289.5,92.5,73
206.5,134,-30
-135,237,90.5
-55,-2,1.5
164.5,-129.5,22.5
82.5,-138.5,44.5
-55,96.5,155
-125,88,33.5
-72,129,66.5
144.5,-37.5,100
214.5,-102.5,68
-97,204,-39
122,-5,76
116,209.5,58.5
242.5,88.5,140
-19,119,81.5
-64,68.5,-45
36,91,172
-58,226,3.5
134.5,-57,87
56.5,-95,58.5
-72,41.5,48
-67.5,-132,-10.5
204,287,58
158.5,-72.5,75
166.5,33.5,-12.5
293.5,-44,185
267.5,50,-12.5
-113.5,200.5,-18.5
147.5,160,-42
-86,86.5,31.5
124.5,-73,55.5
-26.5,269,-44
73.5,17,-39
98,260.5,64.5
125,-78.5,117
124.5,-106.5,189
22,-8,139.5
161,209.5,124
172.5,270.5,32
151.5,-36,65.5
236.5,199.5,42
-71.5,-57.5,130.5
-45.5,0.5,167.5
-6,104,145.5
120.5,-112,-28.5
63.5,231,151.5
75.5,197.5,22.5
229.5,210.5,142
-116.5,-5.5,10
-146.5,-101.5,-2
240,-145.5,73.5
-29,138.5,24
-31.5,158,158.5
-89.5,-79.5,199
181.5,114,97
240,131,48
277.5,271.5,-29
129.5,-26,-30
176.5,-137.5,129.5
-14.5,279.5,-13
13,-21.5,-10
-73.5,31,33
-8.5,-87,56.5
3.5,-85,-41
163.5,193,92.5
190.5,-9.5,-41.5
79,-113.5,122.5
127,192.5,4
181,231,-28
116.5,-103.5,135.5
-146.5,293,-30
-115.5,204.5,104
40.5,186,89
260,-55,-26.5
146.5,87,171.5
-65.5,61.5,3.5
218.5,195,-13.5
-131.5,212.5,144
228.5,20.5,88.5
18.5,-11.5,129
156,-100.5,26
159.5,237.5,14.5
252,-76,90.5
222,-5,69.5
49.5,221.5,36.5
226,-73.5,104
34.5,169,96.5
99,226,97
47.5,138.5,181.5
-49,257,195
209,-103.5,23.5
-119.5,176.5,173.5
-38,127,-9
-49,-52.5,184.5
-63.5,84.5,51.5
-66.5,167,-10.5
-138.5,89,195.5
-35.5,22.5,-4.5
182.5,45,153
57,18,162.5
177.5,-44,78
-1,-27,26.5
-130,-90,102
-75,99,134
-77,-140,148
13,-79.5,184
72,-11,-23
-47.5,203.5,173
220,62,178.5
229.5,299.5,10.5
226.5,201.5,176
91.5,-121,142.5
289.5,270,36.5
168,-150,141.5
-79,-29.5,-2
21,169.5,50.5
-56.5,224.5,55.5
-37.5,247.5,104.5
-103.5,-120,140
-121,181,146
-116,-40,51.5
253.5,-103.5,3
231.5,16.5,184
66,211.5,110
-55,-150,-38
-71.5,224,90
-10.5,43,-48.5
167.5,-142.5,139.5
-33.5,-28,-1.5
-9,2,-16.5
245,169,-11.5
179,60,-21.5
45.5,263,96.5
211.5,276.5,-41.5
201.5,145,177.5
-147,-105,90
-55.5,-74.5,16.5
67.5,211.5,-12.5
-70,183.5,4.5
98,-74.5,81
19,25,-47
192,39.5,-24.5
-33.5,-93.5,147.5
-148,100,176
-71.5,183.5,196
264.5,-22.5,-40
223.5,-20.5,-39.5
-136,-42.5,121.5
72.5,272,120
86.5,-106.5,58.5
240.5,196.5,111.5
-7,185,9.5
-124,-66.5,5
-124.5,-129.5,170.5
55,-138,98.5
251.5,174.5,61.5
69.5,-51.5,162
138,-139,-6.5
-56.5,278,65.5
135.5,251,1
232.5,212.5,167
168,93.5,20.5
187,-144,-15.5
31.5,-120.5,-29
231,-126,99.5
247.5,87.5,74
98,207,182.5
275,254,144.5
-29.5,7,167
214.5,162.5,147
82,167,47
-141.5,166,-8.5
170,-26,157.5
182.5,110.5,127
194,-83.5,84
239,-24,77.5
-129.5,294,199
-113,-65,-11
-34,-28.5,167.5
53.5,9.5,159
-129,-47,-22
285.5,-139,-49.5
-88,-116.5,133.5
199.5,20,-45
243.5,17.5,105.5
109.5,-94.5,70.5
20.5,23.5,-47.5
-115.5,-96,116.5
249,283.5,-21.5
45.5,-137,4.5
-126.5,287,-14
-85,258.5,103.5
120,131,186
-97.5,248.5,174
114,37.5,-40
235.5,-17.5,106.5
-14.5,273.5,99.5
62.5,149,-36
-26.5,-72,40
298.5,103,25.5
-33,186,-35
289,115,135
-83,-114.5,31.5
-25.5,82,81
-105,149,48.5
71.5,92,193.5
138.5,-10,1
299.5,-34.5,-41.5
-61,246.5,61
286,-31,188.5
154.5,-110,179.5
162.5,276,140
-35,212.5,175.5
246.5,-84.5,3.5
37.5,158.5,50
120.5,-7.5,98.5
-4,-43,-45.5
194,278,145
-95.5,277.5,24.5
297.5,-139.5,30
-23,282,18
-83,0,58.5
148,179.5,142
249,103.5,153.5
-24,99,44
259.5,22.5,-6
121,50,-38.5
-149,92.5,153
-98,32,-7.5
144,237.5,152
176,22,152.5
-24,35.5,109
-101,-58.5,26.5
103,169,-5
222,-19,119.5
-109.5,-129.5,170.5
259.5,195,31
31.5,227.5,167.5
136,288.5,120.5
99.5,205.5,122.5
68,-84.5,90
197.5,40.5,190
173.5,21,73.5
-80.5,227,-38
-146,232.5,38
-13.5,-123,180
1.5,203.5,-12
238.5,25.5,91.5
253,119.5,-5.5
186.5,-50.5,113
134,-14.5,129.5
234.5,28,156
270,251.5,70
34,254.5,139.5
200.5,86,-23.5
-47,221,114
188,1,173
-13.5,-100.5,151
269.5,280.5,170.5
75.5,-73.5,15.5
-66.5,33,-30.5
292,13,-21.5
-44,-143,8
223,180.5,-5.5
41,266,9.5
72.5,265.5,-13.5
180,-82.5,22.5
-110.5,-100.5,165
-7,165.5,8
191.5,-111.5,-25
255.5,15.5,80.5
75,-9,134.5
206,7.5,74
76.5,187,-2
155,7,23
-104,-129.5,193.5
-136.5,285,-42.5
131.5,30,168
2,65,-16
-101.5,-15.5,-3.5
214,12.5,178
1,-75,1
145,-107.5,178.5
20.5,249.5,115
-99,-50,123
292.5,33,-3
21,174,193.5
68.5,-96,-14.5
250,1.5,44.5
265.5,-53.5,-41
-27.5,258.5,56
-134,-81,-20
153.5,54.5,23
52,188,134
240.5,278.5,161
-37,185.5,-26
-95.5,-112.5,23.5
52.5,237,64.5
286.5,125.5,43
-13,-48.5,89
161.5,12,42
-19.5,247,92.5
-39,-25.5,151
-124,152,134.5
180,263.5,161
-142,-28.5,-37
114.5,114,-37.5
-95.5,-92,-25.5
-33,51,143.5
93,216,75
162,192,130.5
26,-142.5,96
242,-30.5,-33
104.5,-11.5,-12.5
232,105,42
-75.5,200,-38
15,-37,23.5
34.5,-110.5,107.5
201.5,142,136
-51,-103.5,116.5
74,165.5,1.5
-48.5,-145.5,110.5
102.5,170.5,110
142,-28,122.5
-80.5,163,174
-26.5,174.5,2.5
-95.5,-5,140.5
-64,276,186.5
160,57,144.5
289,51,93
193,294.5,194.5
4,-27,101
114.5,-31,180.5
242,296.5,119
11.5,298.5,107.5
24,-139,29
-87.5,30,111
-128,-86.5,126
213,293.5,158.5
29,-24,-35.5
-136,46,-18
-93.5,186,-46.5
186,220,128
16.5,289,152.5
-133.5,128.5,102
-101.5,12,138
263,154.5,-26.5
113.5,90,-43
105.5,-51,171.5
41.5,213,16.5
-21,-6.5,-40
-16.5,46.5,65
285.5,-42.5,28.5
207.5,44.5,182
279.5,-93,152.5
-49,25.5,150.5
119.5,0.5,191
299.5,177,185.5
-109,280.5,37
-97.5,72,176
242.5,228.5,193.5
216.5,-111,89
31,-107.5,121
-127,-81,-37
95.5,225,167
92,223.5,170.5
-42,38,109
-76.5,252.5,108.5
195.5,81.5,-39.5
-149.5,-140,-2
-134,2.5,-0.5
49,260.5,125
-36.5,203.5,99.5
-133.5,-8.5,4.5
107.5,-66.5,158
-23,29,93.5
179,127,92.5
182.5,265,179.5
89.5,-23.5,168.5
-148.5,-33,69
-6.5,-78,62.5
122.5,201.5,-39.5
-14.5,-40,68.5
-47,-85,130
119,-109.5,-19.5
-102.5,287,176.5
-46,86.5,52
-44.5,-44.5,-50
-100,175,160.5
85.5,295,17.5
-145.5,134.5,-39.5
13.5,204,192
-128,253,138.5
218.5,86,110.5
-6.5,231,23
176.5,286,55
-74.5,137.5,159.5
99,167,14.5
179,147,147
-38.5,19.5,-24
221,-124.5,18.5
-141.5,128.5,185.5
89.5,159,146
133,-126.5,136.5
215.5,249.5,199.5
-32,-143,76
4.5,-65,59.5
-16.5,-138,-7.5
-5,8,123
129.5,168.5,88.5
-83.5,179,110
32.5,183,164
-65,100.5,127.5
150,84,183.5
-46.5,206.5,-45.5
248,233,166.5
-26.5,231,-27
-47.5,215.5,183.5
-143.5,98.5,40.5
183.5,-41,-48.5
-27.5,251,67.5
-9.5,-77,-46.5
72,285,142
256.5,55,103.5
175,222,63
-107,-9,35.5
-27,187.5,165.5
44,210.5,188.5
101.5,172,114.5
172,272,158.5
-35.5,126.5,13.5
214,-23,4.5
-123,232.5,51
-75,202.5,92.5
191,113,22
92,-88,66.5
111.5,-23,58.5
-123,285,-15.5
188.5,-145,160.5
171,-90,129.5
61.5,158.5,78.5
-137.5,41.5,195.5
-93,-125.5,13.5
-41.5,103,178.5
88.5,288,173
-39.5,271.5,167
-23,194.5,135.5
-137.5,-42.5,116
284,65.5,80.5
-108,43,-45
149,-28.5,-10.5
14.5,150.5,127
-91,241,193
227,-15,-33
119,-102,184.5
-94.5,17.5,-33.5
225,-107.5,117.5
277,-47,105
-111,242.5,-9
-74,250.5,24
97.5,231,58.5
-146.5,52,94.5
161,-14,56.5
71.5,102,-35
-24.5,287.5,71
-101.5,79.5,32
-81.5,190.5,146.5
-27,252,126.5
-139.5,77.5,166.5
243,75,91.5
-85.5,-105.5,145.5
281.5,188,168.5
200.5,164.5,7
-19.5,186,177.5
290.5,62.5,94
-134,-18,-28
-147,-124.5,-8
-147.5,116,154.5
71.5,188,-42
-87,-75.5,14.5
198.5,50,84
88,-15,19
102.5,129.5,-30.5
194.5,157.5,-22
-12,121,-19
185,-25,-10
143.5,179,128.5
13.5,97,195.5
-44.5,-77.5,122
205,-26.5,45
-74.5,-128.5,101
-73,-26.5,161
132.5,-77.5,131
107,192,170
-149.5,192.5,185
258.5,144.5,36.5
-61,88,77
187,-143,-49
-15.5,94,-12
-69,40.5,138.5
59,156,190
173.5,-121.5,35
251.5,-47,191
106,10.5,-8.5
-15.5,-40.5,141
273.5,-147,28
277,120,-16.5
279,-93,24
275,68,6.5
-133,241,49
289,60.5,166.5
-80,174,-5.5
-42,-112.5,159
-30,228,7.5
95.5,-129,16.5
40,0,-34.5
91,270,57
-91.5,271,115
-137,206.5,85
-112.5,20.5,74
175.5,-51,-13.5
48.5,75,-38
-136,-11.5,25.5
64.5,254.5,190
-28,126.5,120
0.5,164,-13.5
153,-80,31.5
41.5,287,98
152,-47.5,159.5
198,193.5,79
166,-9.5,138
-69.5,195.5,184.5
53,197.5,144
94.5,-122,55.5
261.5,24,-10.5
-71.5,97.5,63.5
-120,127,69
261.5,238.5,9.5
46,-144,-45
270.5,75,198.5
-14,51.5,-40.5
191.5,43.5,70.5
-2,199.5,124
230,48.5,198
251,45,175.5
97,-123.5,24.5
220,135,149
-58,70.5,-40.5
289.5,37,77.5
214.5,-79.5,80
258.5,233.5,199.5
198.5,51.5,-28.5
-134.5,289.5,142
9,-63.5,149.5
64,-100,88
-45.5,-38.5,-15.5
-8,240.5,-38
295.5,228.5,174
43,279,166
-65,255,89.5
32.5,-86,4.5
208.5,264.5,15.5
109.5,-54,100.5
-80,167.5,30
279,150.5,61
-21.5,154,13.5
58.5,252,184.5
-4,0,188
-39,276.5,191.5
287.5,166.5,31
-1,42.5,147.5
10.5,-46.5,175
17,8.5,-31
223.5,18.5,164
-39.5,232,-30.5
-0.5,80.5,179
144.5,-104,-7.5
134.5,80.5,175
213.5,272.5,56.5
196,115,136
256.5,56,40
273,83,190.5
243.5,233,-12.5
223,78,39.5
252,-141.5,98
51,197.5,175
186,294,162
261,201.5,87
-76,-72.5,68.5
-40,49.5,135.5
2,14.5,-43.5
70.5,212,49.5
-44,89,178
101,-6.5,40
79,194.5,104
149.5,-115,12
231,107.5,-2.5
275,-96,185
-149,213,-40.5
187.5,-46,133.5
-113.5,30,138
2,162.5,117
260.5,200,112.5
237.5,-67,-30.5
152,73.5,-6.5
131,-84,155
-41,105.5,-12
141.5,294,-3.5
269,256,138.5
123,-59.5,158.5
-110.5,-45.5,61
-119.5,89.5,122
-27.5,-40.5,-1.5
143,120,197.5
46,-24.5,154
-97.5,-32,104
-146.5,-72,-40.5
234,40.5,129.5
106,232.5,69.5
83,-37.5,127.5
-90,82.5,95.5
277.5,100,90.5
214.5,217,46
162,109.5,97.5
-5.5,270.5,56
281,-27,41.5
145.5,-112,12.5
-78,29.5,177.5
-121,162.5,140
104,-112,42.5
168.5,25.5,193.5
108.5,-113.5,124.5
-61.5,-123.5,44.5
-8.5,-56.5,-4.5
241,296,-37.5
108.5,41.5,-44.5
9,-138,-11
119,183.5,0.5
-18,53.5,151
60,173,74
180,120,25
-51.5,293.5,90
269,-121,116
-63,259,65.5
-4,-116,68.5
191,256.5,186.5
37.5,228.5,-3
35,282,192
169.5,256,13
-138,2,194
-115.5,55,-13
191.5,155,-32
142.5,82,151.5
-106,4,158.5
-86.5,205.5,169
240.5,233.5,150
291,10.5,167.5
-101.5,204.5,137.5
-118.5,47,103.5
-97,37.5,-21
-30.5,287,19
-99,123,1.5
170.5,-98.5,-46
238.5,29.5,-0.5
82.5,258.5,54
297,-61.5,65
-34.5,-121,179.5
-62,-23,66
213.5,-124,113.5
242.5,72,-10
265.5,211.5,48
178,150,46
165.5,71.5,139
79.5,155.5,141
240.5,117,195
157.5,-35.5,145.5
236.5,34,-27.5
147,-57,17.5
-95.5,232.5,-46
158.5,-41.5,26
-147,-145,133
48,157.5,140
290.5,-51,-21
-87,126.5,-28
-58,244,135.5
193,-109.5,168
138.5,271,174.5
-80,81,198.5
-132,289.5,40
153.5,192.5,6.5
-47.5,80,108.5
195.5,197,-15.5
0.5,174,2.5
-130.5,157.5,37.5
-109.5,112.5,-22
61.5,152,49.5
-130,291.5,68
-78,190.5,172
-72.5,-86,78
0.5,138,-28
196.5,49.5,181
98,284,26
-97,258,-4.5
256,43,170
129,-78.5,182
51,206,38.5
274.5,-120,40.5
71.5,279,-28
246,107,16.5
40,268.5,119.5
4.5,152.5,151
-62.5,144.5,99
116.5,287.5,29.5
-14,67,128
278.5,218,-13
184.5,215.5,-36
211.5,34.5,64.5
-7.5,137.5,-41.5
-61.5,76,122
-137,129.5,94.5
37,273.5,53.5
117,34.5,165
185.5,91,164
275,-93.5,41.5
-66,-33.5,129
-43,119,-34.5
-35,-74.5,57
-67.5,-77.5,86
175.5,171,67.5
-27,23.5,168
-22.5,-76,-45
-91.5,-131,-20
-6.5,27.5,191
165.5,146,146
-88.5,-126,108
-15,-119.5,103
-145,276.5,-24.5
224,28.5,183.5
23.5,277.5,7
51,32.5,-10.5
13.5,-26.5,89.5
221.5,287.5,68.5
181,206.5,122.5
274.5,147.5,155.5
248,219,-3.5
44,171.5,-3.5
12,50,186.5
-91,-89,-38.5
-4.5,109,117.5
-46.5,105.5,124.5
210.5,-60.5,126.5
-90.5,36,-48.5
-97,-15,87.5
-59,109,37.5
33.5,170,47
130,-98,157
73,240.5,-44.5
-92,-133,103
-95,-67,45
-94,-87,55.5
-121.5,274.5,149
90,155,131.5
284.5,166.5,89.5
154.5,-67,126.5
-122.5,-46,102.5
130.5,295,19
-123,285,-32
184.5,26,197.5
-51,34.5,125
-95.5,31,-37
-61,-50,59.5
128.5,31.5,-44
64,207.5,118.5
-21.5,37,20.5
41.5,-1.5,126.5
263.5,118,28
287.5,76,18
225.5,295,87
211,-40,112.5
278,-140.5,38.5
-38,237,-43.5
-85,130.5,119.5
-103.5,28,87.5
264.5,-12,-24.5
-25.5,32,-20.5
-95,130,-45
285,57.5,104
17.5,184.5,153.5
8.5,-50.5,164.5
260,193.5,13.5
15,-149.5,33.5
102.5,159.5,108.5
250,-141,116
-119.5,83.5,-45.5
-12,283.5,53
176,73,118
265.5,277.5,-41
94.5,286.5,183
41.5,279,-23
-4.5,-39,187.5
-35.5,-13.5,93.5
37,39,190
86.5,251.5,165
230.5,-44,47
-96,-27.5,-3
173.5,-97,182.5
-21,255,112.5
148.5,234.5,12.5
-134.5,42,172
289.5,235.5,129.5
182,189,46
-72,-49.5,-21
262.5,251,-14.5
178.5,265,175
-136,36,43.5
-10,251.5,96
77,272,-32.5
286,109.5,-12.5
157.5,188,-12.5
19.5,160.5,154
-72.5,-61.5,90.5
-98,-72.5,-6.5
129.5,-105,118
-34.5,1.5,138.5
-90,-123,149.5
208,133,-24
276,90.5,110
-33,-2,-47
167,261,98.5
46,-128,90
179.5,110.5,39
-70,69,153.5
169,254.5,61
-15,176.5,48.5
-113.5,-134.5,-41
-93.5,250,4
-139.5,249,65
-100.5,-114,-31
90.5,-131.5,199
17,37,-26.5
7.5,193,-20.5
-147.5,229.5,146.5
290,-86.5,162.5
257,278,66.5
249.5,161,72
298.5,148.5,-44
269.5,263,137.5
231,-8,-27.5
194.5,-144,40.5
-132,-141.5,36.5
246,-130,42.5
170,-82,157.5
32,-148,64.5
295.5,-9.5,81
-120,-105.5,21.5
244,-110,71
138,-95,83
-134.5,-106,96
26,-117,139.5
-63.5,52.5,132.5
-1,257,168.5
14,296,187
263.5,184.5,175.5
241,191,-0.5
258.5,254.5,178.5
-90.5,-34,173.5
-63,97,66
21,223.5,167
-122.5,197,35.5
-73.5,183,-43.5
213.5,122,-25
142,-83,138
-23.5,164,111
201.5,87.5,-30.5
180.5,52,-5.5
-146.5,91,191.5
-139.5,-62.5,71
94.5,129.5,-43
-35,203,-0.5
109.5,-58,-39
-70.5,40,-31
165.5,262,-12
18.5,160.5,128
-65,277,140
30,-92.5,19.5
74.5,-27.5,160
-119,104,-13.5
56.5,140.5,195
106,10,192.5
-132,223,65.5
-106,146,147.5
-87.5,-42,14.5
245.5,38.5,-41.5
-19,-60.5,9
-9.5,37.5,-7
-67.5,271.5,-36.5
155.5,231,137.5
-87.5,114.5,-34.5
27,81,-27
26,-132.5,-31
18,194,-39
-135,-6,113.5
164,298.5,175.5
219,141.5,11
39,-39,18
51,138.5,153
-52,142,10
-132.5,-149,-3
177.5,105.5,-26.5
276.5,113,190.5
271.5,8,67
263.5,-110.5,-2
187.5,3.5,0
-64.5,39.5,46
26,-148,149
2,211,-45.5
93,246,6.5
230,253,96
156.5,10,25
169,34,97
-75.5,41,141.5
34,245,-22.5
-11,280,121.5
189,172,-16
280,106.5,174.5
-104.5,198,153.5
10.5,293,47.5
269.5,171,28
-24,48,160
-108.5,244,23.5
32,-45,66
135.5,200,-33.5
263,230.5,-1.5
242,21.5,-29.5
95.5,192.5,171.5
187,21,150
153.5,188,190
261.5,48,36.5
-145.5,124,146
233,237.5,127
-9.5,-2,86
128.5,262,-10
19.5,92.5,-17.5
212,10,-47
239.5,78,96.5
295.5,-53.5,21.5
-44.5,122,20
243,106.5,-15
-105,128,67
281,-28,-40
109.5,148,180
120.5,185.5,119
12,-10.5,77
44.5,244.5,36.5
-62.5,35,1.5
35.5,20,-49
166.5,214,72
252,-53.5,20
174,165,195.5
-30.5,-51.5,-36.5
72,167,-14
105,194,-5
-143.5,1,152
147.5,-145.5,-44
144,123,-38
-87.5,167.5,120
-124.5,122.5,-12.5
97,298,70
-1,-12,1
282,80.5,36
173.5,68.5,132.5
288.5,-124.5,88
10.5,168.5,91.5
282,-128.5,4.5
33.5,-105.5,-20
261.5,35,61.5
244,105,-32
171,85.5,52
-109,212,32.5
-11,232.5,178.5
-53,64,21
164.5,199.5,54
289,294,35.5
-78,-62,136
267.5,130,199.5
-58,43,27.5
217.5,210,-2
-19.5,214,34.5
286,-28,83.5
-47,172,127.5
233.5,111,189
-70.5,99.5,22
245,248.5,37.5
-66,101,172
-55,82.5,61.5
67.5,21,-21.5
-28.5,199,60.5
96,239,27.5
138.5,-24,81
285,-1,124
33,248,58
51.5,245.5,71.5
186.5,189.5,135
-88.5,-21.5,0.5
293,-74.5,-47.5
258,248,22
145.5,210,-42.5
201,0.5,-35.5
42.5,261,30
259,-64.5,53.5
77.5,243.5,155.5
-133,35,-41.5
-22,141.5,4
57.5,-38,105.5
-10,172.5,18
280.5,-8.5,1.5
42,168,91
-87,128.5,-42.5
177,-70.5,53.5
26.5,-135,6.5
258,19.5,184
199,50,137
-47.5,228,199
-35.5,-72,100.5
108.5,-137.5,79.5
204.5,-93,182
267.5,126.5,197
279.5,198.5,73.5
248,-66,67
-140,-12,25.5
-39,79,17.5
-135.5,-50,37
-1,-63.5,-30.5
205.5,-43.5,29
264.5,150.5,133.5
61.5,-70.5,162
223,-109.5,165.5
152.5,-51.5,194
75,-70,-23.5
101,-97.5,-48
183,-99,105
-104,-65.5,57
51.5,258,27
-3.5,-127.5,74.5
165,155.5,60.5
-10.5,101.5,-39
-42,-115.5,90.5
127.5,243.5,96
-44,222.5,191
-66,193.5,56.5
-39.5,166.5,25.5
41.5,19.5,165.5
177,-4,129
211.5,14,-45.5
295.5,171,-11.5
-97,-120,-12
187,-138,135
48,-102,168
138.5,46.5,-23.5
76.5,163.5,164
265,87,-39.5
-64.5,259,-1
265.5,142.5,167.5
-46,40.5,175
298,-71,93.5
-89.5,277,56.5
-74.5,158,48
78,299,-42
218.5,-71,80
75.5,-9,25.5
-112.5,-7,181
-57.5,104.5,28.5
-19,-46.5,122.5
104.5,206,184.5
249.5,268.5,-9.5
134,81.5,153
143.5,84.5,-14.5
-43,131,150
20.5,172,99.5
41,-137.5,-47
33,168,109.5
189,17,-7.5
46,61,187
105.5,224.5,159
-73,11,152
251.5,-5.5,178
254.5,94,-18.5
111.5,-57,112
-35,-47,199.5
293.5,76,115.5
270,7.5,-15
266.5,-119.5,124
-13,-140,130
267.5,197.5,133.5
146.5,235,16.5
264,243.5,29
-51.5,114,152.5
294,110,137.5
54,146,-0.5
-41,142,165.5
258.5,260.5,63.5
-137.5,163,144
298,31,-30
171.5,56.5,64
106,218.5,59.5
-57.5,171.5,146
88.5,289.5,151.5
12,-41.5,73
97,-103.5,55
-27,150.5,182.5
138.5,-132,166
208.5,148.5,169
220,-143.5,19.5
251.5,140.5,142.5
-1.5,-45,63.5
-84.5,176.5,40.5
114,-10,-39.5
171.5,-96,81
248.5,45,136.5
-65,40,12.5
94,240.5,-39.5
298.5,-84.5,198
-27.5,-135,181
227.5,51.5,3
-52.5,186.5,58
-29,-4.5,163
98.5,96,152
264,163,-22
267.5,-140.5,96
131,230,57
154,299,194
213,97,-2
97.5,238.5,97.5
114.5,-93,168
19,-10.5,136
-64.5,-36.5,184.5
-52.5,229,57
179,260,165.5
86,-127,42
0.5,-40.5,-22.5
293.5,-35.5,177.5
-12,-91.5,101
262.5,143.5,179.5
234.5,-112,160.5
45,-8,174.5
149,-72.5,12
276.5,-15,131
20.5,277.5,197.5
267,-77,40
183,-32.5,-28.5
110.5,-73.5,41
104,116.5,-4
184.5,132,-24
-112.5,66.5,90.5
245,-69,149
153,275.5,174
221.5,-26,83.5
174,181,-15.5
-32,-58.5,177
53,163,40.5
-104,118,10.5
-50.5,-102,3
268,245,101.5
170,169.5,2.5
200,139,0
-3.5,-142.5,58.5
81.5,-5.5,96.5
-144,60.5,104.5
243,79.5,-48.5
159,114.5,73.5
-53.5,220.5,23
36.5,-127.5,148
42.5,34,-17.5
204.5,-142.5,135.5
-107.5,26.5,-47.5
156.5,174.5,121
245.5,-31,125
73.5,237,25
-49,139,-25
-60.5,83.5,100.5
123.5,-4,149.5
81.5,12.5,-43.5
195,7.5,70
278.5,-27,172
163,161.5,38
199.5,278,199
273.5,-39.5,128
280.5,-58,-35.5
-82.5,-83,-33.5
-72.5,13.5,42.5
-35,201,67.5
-149,99,91
261.5,121.5,-23
168,43.5,-24.5
214.5,51.5,180.5
160.5,199.5,198.5
-74.5,30.5,40.5
183,-22.5,88
116,217,53.5
154,265.5,-41
200.5,-99,59.5
55,258,197.5
80,-96,-49
235,206,162
-121.5,161,43.5
290.5,-98,-7
-101,-40,-6.5
-125,-2,53
242,286,41.5
130.5,141,186.5
50,108,-18
117.5,3,-49.5
-103,-100,154
-42.5,283,74
-10,185,121
154.5,89.5,112
277.5,184,102.5
257.5,-21.5,181
265,-53.5,198.5
5,229,175
-117.5,219,14
-61.5,130,38.5
127.5,233,193
27,104,193
-64.5,123,48
97.5,256.5,65
-101.5,295.5,123
288.5,-112.5,-11
-101.5,83.5,30
-123,273.5,109
-51.5,130.5,66.5
50,190,-31.5
-104,16.5,49
231,-7,112
-136,-38,162.5
48.5,0.5,158
141.5,-133.5,16
-92,229,89
130,-119,-9
15,-77,-43.5
-35.5,-72.5,30.5
-105.5,12.5,188.5
184,175,86
-52,189,-9.5
94.5,-67.5,-44
16,164.5,154
140,-65.5,176
10.5,195,105
262.5,227.5,86.5
253.5,74.5,20.5
-122.5,123,-47
-72,276,49.5
143.5,-94.5,141
-7,144,-41
199.5,23.5,37
-116,-3,197.5
-93,253.5,68.5
-40,-76,100
180,262,-26
175,211.5,113
139,227.5,94
68,197.5,147
-69,253.5,-44
-95.5,107.5,17
150.5,96.5,178
193,223.5,194
262.5,-6.5,75
157.5,257.5,-12.5
-20,97,127
249,-69.5,63.5
281.5,51,1
146,-61,13
276.5,68.5,77
-27.5,182.5,148.5
-10.5,-70,37.5
261,159,154
132,251.5,174.5
88.5,12,169
159.5,-147.5,60
30.5,299.5,72
297,-121.5,35.5
126.5,-127.5,-32.5
-103,91,179
226,259,60.5
111.5,162,71.5
-110.5,89.5,115.5
-45,142.5,-2.5
77,217,77.5
112,126.5,193.5
126,-53,-24
-133,-24,179
-145,-63,-40
280.5,107.5,143.5
290,234,199
8,-16,108
115,54,190
-142,-100.5,100
68,159,181.5
-116.5,14,15.5
250.5,-45,119
91.5,-83,8.5
-135.5,27,198.5
-102.5,-102.5,69.5
10.5,83,196
-19,50.5,180
245,259.5,139.5
-101.5,-111.5,98.5
177.5,166.5,121.5
283.5,72,103
143,192,186.5
217.5,-60,98
-106.5,-56,-37.5
96,-71,183
205,134.5,71
173,69.5,-33
75.5,128,199
185,11,193.5
201.5,-123.5,-41.5
85,-21,162.5
-124,96.5,25.5
-38.5,144,32
-70,242.5,196
-63.5,-92.5,59.5
267,-107,5
-77.5,-119,153
-143,158.5,77
275.5,-108.5,62.5
-129.5,44.5,39.5
-98,155.5,166
263,47,0.5
272,217,40
283.5,286.5,62
292.5,252,-2
-1.5,52,75
-111.5,-147,-34.5
106.5,168.5,-18
177.5,-96,19
10,-100.5,172.5
10.5,256.5,69.5
221,139,32.5
-75,171.5,5
111,7,-43.5
240,3.5,38
133.5,141,187
247,257,65.5
-97.5,72.5,51
166.5,214,196.5
290.5,230.5,135
58.5,-95.5,180.5
285,130,149
31,226,55.5
29.5,-9,182
-32,-89,185.5
167.5,51.5,-2.5
108,231.5,131.5
270.5,3,146.5
205.5,70.5,162.5
37,-104,198
104.5,244.5,166
173,25,106.5
217.5,203,-45.5
122,-7.5,85.5
82,117,191
-113.5,202,117.5
80,56.5,164
274,132.5,159.5
-126,59.5,-6
298,271.5,137.5
-42.5,-63,162.5
-87,184,148.5
156,-137.5,10
154,-143.5,-26.5
61,180,47.5
-20,166.5,169
-73.5,-120.5,68
214.5,135.5,35
-127,107,140
269,-137.5,141
-2,235,180.5
213.5,126.5,83.5
-123,105.5,91
64.5,-36,38.5
289,136.5,156.5
-149,-40,150.5
-86.5,-148.5,-33
236,-32.5,8
116.5,-139,149
148.5,23,-24
172,148.5,-26
76.5,234,50.5
-6,-26,-29.5
-63.5,177.5,-21.5
295,40.5,76
217,-139,35
85.5,203,73.5
74,150,-22
-117,108,89
97.5,157.5,39.5
-134,53,-32
-93,160.5,179.5
-75.5,139.5,-27
-116,-101,-49.5
188.5,-0.5,44.5
-16,40.5,-13
178.5,94.5,34
179,-144,149
82.5,-129,-7.5
228.5,167,2.5
-34.5,188.5,125.5
69,155.5,116
-14,-15,173
231,256.5,-19
-87,268,184.5
-15,88,115.5
299,70,-14.5
100,289.5,-27
207.5,-108,130
286.5,-137.5,195
108.5,-30.5,-25.5
245.5,150,100
-130,-96.5,53.5
260.5,279.5,102
-106.5,-144,156.5
244,220.5,53
279,232.5,77
113,-15,35
-89.5,98.5,-4
9,-25.5,49.5
21.5,114,-48.5
64,-81,0
117.5,-101,48.5
-72,2.5,14
105.5,69.5,-12.5
-97,291.5,63.5
-84,-137,-11
116,-88.5,-7.5
84,-13,91
132,-145,114
-110,-112,15.5
5.5,-12.5,133.5
70,18.5,-6
164,-22.5,77
172.5,106,-13
30,164,169.5
-0.5,-81.5,86
191,-42.5,114
247.5,293,110
240,58,118.5
229,143,7
30,-86.5,156.5
221.5,92.5,133
187.5,-107.5,55.5
-12,142.5,-33.5
141,183,171.5
-47.5,127,60.5
-132.5,-133,-24
-93,-92,66
17,252.5,72
126,125.5,198
132,-122.5,19
150,204.5,157.5
98,152.5,74
246,281.5,-29.5
201.5,207.5,3
150,56,197.5
122.5,-15.5,173
273.5,56.5,81.5
-24,3,77
245,107,123
256.5,73,152
-28.5,64.5,31
161.5,-7.5,-45
233.5,100.5,32
-124,119.5,167
123.5,179,117
262.5,70.5,-30
-7.5,-66.5,193
-5.5,41,71
-44,-124.5,114.5
-15.5,64.5,137.5
271,92.5,44.5
63,-19,-10
-76,-36.5,192
150,-135.5,101.5
-99,-20.5,84
221.5,198.5,90
213.5,18,162
146,-132.5,127.5
189.5,272,-29.5
-100,109.5,97.5
1.5,163.5,143
-21.5,200.5,146.5
87.5,95,178.5
-14,120,43.5
251,261.5,20
286,50.5,60.5
-13,53.5,197.5
122,7,-29.5
152.5,76.5,-6.5
-124.5,167.5,35
291.5,69,-39.5
38.5,0,116
88.5,-46,70
-30.5,149,-45
31.5,-58,-32
20.5,143.5,186
183,233,52.5
13.5,245,189
141,-144,6.5
46,293,148.5
299,-120,98.5
196.5,11,-14.5
119.5,267.5,16.5
156,150.5,-15.5
-56,296.5,181.5
-16,207,-49
-147,-101.5,-2
141,-71,99
214,166,185.5
93.5,150.5,159
291,110.5,70.5
32,291,147
-97,-7,16.5
230,-138.5,162
47,-100.5,83
229,-20.5,103.5
-91.5,144.5,36
290.5,298,-34
-24,210.5,-45
231,-130,33
216,96,199
-102,238,120
111.5,229.5,187.5
-129,146.5,177
284,-85.5,169.5
170.5,-105,42
272,102,169
-9,19.5,29.5
-8,-92.5,25.5
-121.5,-73.5,-32.5
-42,-67.5,163.5
142,297,117
187,-28.5,124
96.5,155,47
170.5,29,83
198,192.5,20.5
262,287.5,19
-140.5,99,36
292,30,165
247.5,191,-34
239,124,77.5
88.5,245,167.5
172,51,43.5
222,159,81.5
184,163,198.5
264.5,129,135.5
-69,40,71
161.5,-86.5,-43.5
-51.5,-120.5,121.5
121.5,68.5,159.5
246,130.5,60.5
-128.5,291,11
64,-112.5,138
274,-99.5,106
215.5,-42.5,57.5
157.5,-115.5,43.5
-66.5,292.5,102
76.5,-138,5
151,-81.5,118.5
82,-23.5,158.5
-106.5,-113.5,83
-133,54.5,-46
41.5,248.5,183.5
47.5,-120.5,43
-90,50,119.5
-138.5,273,194.5
37,139.5,-13
211.5,271.5,149.5
131.5,254,-36
184,211.5,189
176,232,-44.5
289.5,-133.5,-47.5
173.5,-125,29
-125.5,4.5,-31
221.5,216,27.5
261.5,137.5,-24
240,-42,-5.5
-131,-62.5,59.5
-62.5,51.5,150
-142,-60.5,-19.5
111,-35.5,88
155.5,-77.5,112
243,48.5,2
-117,64,131
123,36,159.5
102,226,68.5
217,103.5,18.5
-46,-102.5,146.5
-122,61.5,24.5
-61.5,-69.5,145
217,-42,69.5
234.5,184,139
230,285,143
203,98.5,165
-48,174,156
-92,141.5,84.5
219,263,85.5
2.5,201,83.5
247,-117,140.5
267.5,267.5,160
-146.5,106.5,67.5
220,192,98
144,220.5,79
176.5,83,179
43.5,-114.5,82
-51,79.5,2.5
112.5,-10.5,157
218,27.5,129
-75,100.5,-35
-82,155,57
105.5,-142,146
62.5,290,-50
287,62,55.5
-43.5,-18.5,-15
-65.5,275.5,76
188,-100.5,183.5
25,0,-40.5
-33,99,191.5
180.5,5.5,24
243,59.5,127.5
-83,65,35.5
275,-51,113.5
-60.5,152.5,188.5
-105,-76,166
-111.5,61.5,21
180,171,86.5
31,-17,37.5
-73.5,-99,-43
-16,184,76.5
100.5,56.5,-41
246.5,-34,-30.5
230,94,192
-19,-146,195.5
192.5,-1,24.5
266.5,296,61
-11.5,-11,-8.5
163.5,53,33.5
43.5,-100.5,34.5
-112,-148.5,11
68.5,-96,176.5
194,66.5,112.5
162,-96.5,199.5
178,2,85
225,104.5,131.5
260,220,-45.5
-40.5,212,119.5
24,150.5,40
-73,119,188
246,125.5,74.5
262,-28,18.5
59,211.5,1
139.5,-127,57
168.5,37,44.5
-73,-4.5,82.5
-132,-54.5,127.5
-91,-108.5,82.5
-147,-74,126.5
254,222.5,150.5
118,-13,101.5
-18.5,209,70.5
-50.5,175.5,-38.5
52,-130,112
41,174,40.5
-113.5,56,196
84,261,149.5
-36.5,289.5,43
-8,-8.5,188
167.5,179.5,150.5
-145,78.5,47
260.5,-147,119
161,175.5,147
-30,33.5,7.5
-38,141.5,138
192.5,239.5,-19.5
209.5,-82,128.5
199.5,153.5,111.5
3,-106,-16
173.5,186.5,-30
173.5,-89.5,144
1.5,-103,66.5
64,-114.5,15
42,289.5,168
160.5,141,171
149.5,259.5,61.5
-62.5,24,155
210.5,249.5,-48
228,162,61
257,-129,19
-22.5,-32.5,9
-20.5,251.5,165.5
-5,202.5,101.5
83.5,-22.5,62
84.5,223,-49
152,-58,178.5
-12,-140.5,-5
259.5,139.5,170
-135.5,203.5,30
-90,34,169.5
-48,-120,186.5
8.5,210,173.5
-39,156,36
292.5,19,119
-125,25,86.5
213.5,-70.5,-45
202,-23.5,-42.5
286,-13.5,112
262,251,108.5
152,292,21
133.5,-107,153
-148.5,257,-42.5
-105.5,-31.5,46
189.5,297,180
32.5,-72,83
159.5,-141,124.5
102.5,203,51.5
-75.5,140,156
219,245,76
-107.5,124.5,-33.5
200,256,-4.5
-96,-111.5,147
291.5,-88,135
187.5,45,112
-102.5,147.5,26.5
115,-108.5,198.5
-64.5,-2,38
26.5,-46,153.5
163,286.5,131
-98.5,52.5,115.5
199,70,79
-95,181,45.5
-19,138.5,49.5
-104,279,-29
177.5,-45,34
-88.5,-142.5,165.5
-51.5,89.5,89.5
183.5,119.5,163.5
-44.5,188,190
37.5,273.5,133.5
-72.5,102,4
-141,104.5,107.5
-140,-123,57.5
50.5,238.5,-49.5
-20,-95.5,48
105.5,153,139.5
-96,126.5,106.5
244,85.5,158
-61,143,175.5
123,-103.5,94.5
-13.5,171,36.5
-20,258.5,59.5
53.5,-102.5,-14
77.5,154,60
18,224.5,117.5
-85,-143.5,150
96.5,173,29.5
166.5,73.5,168.5
-102,170,38
-18,-22.5,-5.5
247.5,24.5,120.5
289,-100,-38.5
276,140.5,73.5
130,-77.5,-19.5
164.5,36,32.5
-62,-98.5,90
-15,-48,198.5
270.5,262,135.5
150.5,-149.5,4
98,155,101.5
-67,138.5,-21.5
-54.5,255,173
257.5,121.5,-36.5
-82,81,1.5
180.5,60,-20
129,-92,81.5
-139.5,80,145
-112,216.5,64.5
143.5,213,-12.5
19,-48,89
-34.5,160.5,32
-101,164.5,162.5
37,-21.5,-18.5
165,120,-5
44,186,75.5
-90.5,84.5,96
282.5,-41.5,176.5
261,132,99.5
243,-139,79
-118.5,243,133
40,-67.5,53
199.5,0,-28.5
-69,271,131
270.5,-63.5,171.5
-69,292,62
-135,-121.5,156.5
-71,-147,79
255.5,0,-20.5
164,116.5,148
114.5,59,189
64,293,151
-38,160,193.5
-117.5,76,113
150,-38.5,87.5
-56,22,150
269,240.5,16.5
-37,-115,28
204.5,-78,-31.5
-34,81.5,-23
229,299,113.5
130.5,209.5,154
-60.5,195.5,40.5
233.5,163,39
49.5,-148.5,70
162.5,-99.5,67.5
116,216,188.5
142.5,204,17
-67.5,143.5,35.5
-118.5,246.5,143.5
-55,229.5,161
140.5,183,95.5
292.5,-6,-35
241.5,-149,-34.5
170.5,226,25.5
2,215,114.5
141.5,-115,-13.5
-15.5,-23.5,128.5
47.5,44.5,-35
190,211,42
-10.5,87.5,89
-38,266,42.5
-125.5,241.5,-5.5
145.5,10.5,162
-104,-116,-28.5
218,141.5,198
-3,91.5,143.5
214.5,64.5,88.5
-29,-84.5,8
-149.5,-38,165
4,-42,129
191.5,59,193
-127.5,-30,29.5
-58,-62,-30.5
-139,45.5,82.5
48,-29,23
-122,-40,197.5
173,38.5,80
14.5,-2.5,25.5
-137.5,174,168.5
-13,-113,132.5
-108,22.5,153
248,138,95
-93,180,97.5
-104.5,226.5,186.5
236,139,-41
-148,196.5,-23.5
96.5,-3,-33
-147,282.5,158.5
157,-62.5,163.5
-114,58,179.5
-71,89.5,162
-147,212,-22
72.5,-129.5,99.5
227.5,-133,187
-8.5,8,116
185.5,-133,72
259,-83.5,91.5
-93,24.5,66.5
-65.5,105,174
190.5,277.5,53.5
158.5,-57,15
-21,154,110
200.5,-18,182
133.5,-39.5,51
103.5,-46,188
74.5,-62,35
85,-42.5,116.5
70.5,-114,-25
182,-64,170.5
274,-99,110.5
287.5,-29.5,17
167.5,17.5,13
-13.5,-100,-29
-90,-77,142.5
149.5,-19,33.5
207.5,220.5,112.5
-134.5,201,18.5
-133.5,-29,160
-118.5,-66.5,133.5
-113,83.5,-42
277.5,282.5,36.5
194,149,100.5
221,261.5,95
-57,-95.5,66
19.5,221,107.5
245,219.5,193
224,1,-41.5
225,235,174
223.5,269,126.5
292.5,202.5,-17
-36.5,-148.5,-15
-122.5,136,39
241.5,222,163.5
-61,-36,77.5
-123.5,91,163
-44.5,180,-32.5
270,-37.5,96.5
233,-131.5,-44
197,107,91.5
-10,14.5,186
199,-106,92.5
-107.5,-23.5,29.5
42,-68,119.5
98,-15.5,199
-24.5,-49,178
167,148,-40
-76.5,57.5,102
-49.5,-85,63
188.5,298,168.5
239.5,39,115
38,277.5,89.5
77,227,-12
-39,-42,26.5
-90,-65.5,132
133,231.5,14.5
288.5,142.5,163.5
120,-86.5,-17.5
-134,47,182.5
31,209,16
275,187,-27.5
135,112,-30.5
-86.5,-77,102.5
197,-10,-26
-128,-137.5,153
-63,101.5,171.5
152,49.5,3
107.5,-50,-36.5
-127.5,-5.5,41.5
102,-12.5,85
75.5,-41.5,190.5
109,-139,21
281.5,18.5,-12
16.5,281,151.5
57.5,-97.5,183
39,-39,-32.5
159.5,25.5,168.5
232.5,-84,59
-138.5,109.5,85
-112.5,151.5,14.5
-134,41,41
-59.5,-119,166.5
273,91,75.5
14,-137,109
57.5,278.5,87
-134.5,-44,38
69,219.5,3
185.5,47,-20.5
209.5,-50.5,-7
291,55.5,33.5
26.5,117.5,161
152.5,-109,142.5
121,87,161.5
-83,212.5,106
-67,279,176.5
240,94.5,13.5
-71,8,67.5
249,226.5,8.5
-137.5,208,-15.5
176.5,-143.5,169
-55.5,-50,167.5
266.5,-78,131
-5.5,240,184.5
-26,58,161.5
8.5,-66,112.5
-31.5,175,122
8,193,34
167.5,-114.5,18
-18.5,-52.5,-45.5
39.5,90.5,157
263.5,-145.5,83
-109,120,31.5
190.5,-67.5,128
49.5,151,131.5
-140,170.5,155
75.5,80,-10
-3.5,-119.5,63.5
78.5,225.5,186.5
-143.5,245.5,23
-121,149,-32.5
35.5,43,-14.5
72.5,188,159
205.5,13.5,137
0,50.5,195.5
-13.5,268.5,-49
58.5,207.5,127.5
108.5,92,189.5
-103.5,268.5,-21.5
192,-61.5,165
157,77.5,36
-29.5,282,-24
38.5,158,31
-106.5,158,160.5
155.5,136,-15.5
-96,-5.5,146.5
101.5,-36.5,77.5
169.5,-136.5,50.5
-40.5,204.5,199.5
-144.5,-73.5,50
21.5,-71.5,10.5
109,-73,162
16,-88.5,-4.5
-57,-63.5,35.5
-50.5,32.5,10.5
-34,-57.5,-34.5
86.5,170.5,144.5
-43.5,138,73.5
198.5,-51.5,75.5
79,194,34
-74,-127,194.5
-12,98.5,-42
117.5,157,103.5
36.5,119.5,161.5
274.5,90.5,9
260.5,40.5,146.5
-123.5,-110,198
-140,-48,53
6,-120.5,2
241,130,-22
-66.5,186.5,56.5
78.5,241,59.5
246,27.5,157
75,237.5,111.5
200.5,161.5,-49
-130,80,105
225.5,-27.5,37.5
-34.5,-89,108
-33.5,273,150.5
70,-88.5,37
-137.5,273.5,154.5
-145.5,70,-23.5
248.5,200,112
-28,-62,-3.5
179,139.5,-1
188,-101.5,188.5
-120.5,274.5,-25
178.5,-73,54
289,-129.5,39.5
224.5,103.5,105
58,193.5,-22.5
-86.5,-23,24
116,-80,184.5
223,11.5,-44.5
290.5,266.5,30
189,139,135
205.5,-34.5,165.5
172.5,111,-11
175,104.5,140
-3,84,199
-62,145,85
-10,211.5,135
-86,181.5,168.5
17,-125.5,126.5
246.5,-28.5,22
-36.5,115.5,106
158.5,149,6
-35.5,86.5,57.5
198.5,268,137.5
136,94.5,-17.5
269.5,217,131
98.5,241.5,197.5
260,299,195.5
0.5,292.5,-37.5
22,270.5,130
210,142.5,113.5
38.5,-2,31.5
-113.5,-32,79.5
131.5,-131.5,-43.5
-100.5,-19.5,80
299.5,36.5,-7
-16,53,182.5
230,-45.5,195
-73,-73.5,117.5
-28.5,-43.5,9.5
191,117,-4.5
74.5,-48,81.5
79.5,66,164
-24.5,-117.5,166
195,286.5,143.5
228,-39,24
124,-118.5,109
176.5,-96,157
-86.5,233.5,110.5
234,280,-30
194,236.5,99
252,155,26.5
242,185.5,-46
151.5,-35,155.5
211,92,102
204.5,189,103
170,76.5,117.5
27,289,-44
-123.5,167,129.5
282.5,163.5,31.5
-97,-97,136.5
-68,77.5,18
24,158.5,-20
49.5,-26.5,-50
41,112,199.5
61,-147.5,6
-60.5,158,58
-104.5,11,25
-79,-72,117.5
245,71.5,113.5
-128.5,276.5,-43.5
291.5,-135,-18
-57,163.5,53
57,181,195.5
273.5,-61,-12
211,264,-5.5
-137,156.5,6.5
135.5,99,-42
-47.5,215.5,0.5
126,-146.5,27.5
-78,176,158.5
25,66.5,-2
-109.5,-64,-12.5
-140.5,-145.5,-14.5
10,-121.5,49.5
103,213,197.5
127,25,-49.5
242,88,-25.5
-23.5,126,27
211.5,-44,57
-136,-107.5,81
105,285.5,114
-107,64,50
121.5,235.5,115
248,74,12
180,-68,57.5
53,96,158.5
60.5,167.5,80.5
164,67,135
61,78.5,162.5
159,194,51.5
55.5,16.5,-31
32,157,198.5
156,186,149.5
-110.5,10.5,181
73,46,186
148,280,96.5
219.5,-37.5,32
-109.5,7,153.5
66.5,-109,189.5
96,-95.5,58.5
164.5,48.5,50
243.5,213.5,-35
-69,-116,-17.5
-54.5,-15,151.5
286.5,-92,92.5
178.5,35,127
30,220,142.5
-143.5,295,130
-101,131.5,-29
-14,103.5,113
256.5,289.5,43
172,-93.5,-15
20.5,-136.5,-41.5
231.5,20.5,129.5
270,145.5,-45
158,257.5,-19
-20,71,-29
-141,38.5,34.5
98,-101.5,92
122,-3.5,84
-48.5,-5.5,194.5
-60.5,95.5,70.5
42.5,230.5,21
-10,25,26
-12.5,-60,-22.5
-43.5,5,153.5
51,252.5,168.5
-43,113,79
172.5,67.5,117.5
98,135,-44
-109,-2.5,42
169.5,-31.5,-3
99.5,17.5,194.5
86,200,87
-19,19.5,87
110,78.5,-19
-27.5,-101.5,181.5
264,168.5,151
-123.5,273.5,178.5
17.5,69.5,190
23.5,227,36
161.5,-102.5,193
67.5,29,181
74.5,241.5,-43.5
74,-99,5.5
-4.5,183.5,90.5
203,-41,59.5
124,268.5,175
-58,-147,60
272.5,-99.5,89
-118,25,35.5
-60.5,223.5,80
-136,-83.5,172
-123.5,182,84
202.5,170.5,52.5
-116,-85,-29
-102,-42.5,87
126.5,-77.5,85
71.5,199.5,17
202.5,-135.5,82
224.5,-21.5,98.5
-122,177,163.5
267.5,160,149
238,139.5,169.5
-118.5,71.5,76
-88,190,182.5
-34,25.5,142.5
212.5,5,67.5
27.5,-134.5,133
-55.5,216.5,91.5
-41.5,63,20
-20.5,-130.5,-40
141,-98,188.5
-74,9.5,13
283.5,-122.5,-17
190.5,-25.5,49
82.5,274.5,51.5
-12.5,-0.5,-40.5
154,150.5,84.5
-148,-45,60.5
162,93.5,-5.5
45.5,143,-46
236,87.5,152.5
-49,-95,143.5
28.5,187,87
194.5,59.5,87
245.5,65,-16.5
280.5,-103.5,131.5
228.5,226,152.5
-30.5,58.5,162
-47.5,-7.5,180
246.5,-44,179
216,-75.5,140.5
197.5,-45,182.5
-136.5,-117.5,84
241.5,58.5,-29
-46,92,144.5
-99,284.5,-46.5
201,-132,46.5
89,-135.5,-12
38,-129.5,130.5
279,-64.5,49.5
265.5,255.5,58
63,216,154
178.5,-88,164.5
176,27,190
-93.5,291,140.5
172.5,247.5,5.5
68,245.5,142.5
-129,47,-18.5
125.5,277.5,191
188,-143,182.5
22.5,163,13.5
-44,112,24.5
-122.5,93,-47.5
-135,-128,137.5
195.5,277.5,-30.5
236.5,-147,57
165.5,39,154.5
89.5,-140,24.5
220,183,-33
87.5,-25.5,158.5
228.5,-32.5,189
286,217,31.5
33.5,196,111
131.5,-40,62.5
286,-72,152
4,132,151
181,285.5,-34
-39,242,173.5
-125,159,68
-146.5,280,189
36,296,-42
-21.5,-30,177
297,296,3.5
210,146.5,149.5
11.5,242.5,107
-57.5,73,-38
-33.5,39,12.5
-57.5,141,-47.5
184.5,35.5,111
263,71,-44
-126,87,124.5
127.5,217.5,195
181,18.5,18.5
267,-42,-27
35.5,-103.5,38.5
236,233,146
47.5,-17.5,173.5
-92,162.5,156
-71.5,-43,35
259,299,102.5
38,-141.5,-2.5
5,-2.5,133
143.5,-119.5,31
69,238.5,147.5
103.5,-27.5,106.5
-8,-15,53
243,113,92.5
236.5,62,-6.5
83,185.5,199
-29.5,-85,139
203,112.5,75
-35,135,39
-99,161.5,60
-7.5,201.5,11.5
-141.5,93,21.5
-43,266.5,163.5
134,271,33.5
263.5,38,190
290.5,284,144
16.5,95.5,-24
8.5,-3.5,-3
133,-96,74.5
271.5,26,-19
-54,273.5,118.5
195,200,195.5
65.5,42.5,-5.5
-137,130,-9
-64.5,107,-17
-8.5,-26.5,146
207,-77.5,80.5
299.5,236,-14.5
71.5,202,108.5
-38,-106,34
277,-60.5,190
139.5,-46.5,4.5
47,-3.5,-29.5
-2,-87.5,16.5
-96,155.5,-40
-57.5,31,-6
168,149,-18
-113,-124.5,-45.5
-19.5,167.5,22.5
48,103,-50
23,78.5,-1.5
242,235,160.5
-65.5,-102,33
-54.5,149,108.5
164.5,169,169.5
18,254.5,189
-102,37.5,67
-70.5,256.5,148
42,213,7.5
-95,151.5,16
222,-45.5,150.5
-66.5,295.5,43.5
214,-17,15.5
-85,184.5,23
-68.5,14.5,116
-101.5,151,95.5
-38.5,172,119.5
-80,30,184.5
-106,121,-22
198.5,289,126.5
288,32.5,3
-22,226.5,137
188.5,-96,171.5
294,288.5,184.5
255.5,193,148.5
-5,-61.5,-2
-113,120.5,92.5
102,287,196.5
276.5,171,157.5
-110,52,89
144,-10,8
225.5,-117,179.5
29.5,281,-17
204.5,135.5,117
233,13,104
276.5,-86.5,77
298.5,48.5,118
-57.5,270.5,-6.5
-67,-127.5,37
-140.5,19.5,-43
60.5,146.5,154.5
-26,-5,67.5
284,-108.5,85
28.5,-55,185
289,-11.5,-12.5
274,-59.5,115.5
-47,189,148
219,160,120.5
78,204.5,19.5
-88.5,173,-32.5
216,-90.5,179.5
-31.5,261,181
-137,242,22
85.5,193.5,107.5
233,-96,10
-15.5,-25.5,16
-112,110,176
-37,50,58.5
-94.5,107.5,143.5
210,-30,53.5
284.5,-68,84.5
72.5,101.5,195.5
238,-115.5,59.5
-94,33.5,187
-70,136.5,83
155.5,145.5,33.5
81.5,211.5,165
36,190,102.5
142,-129,-28.5
171,236.5,134.5
201,27,86.5
150.5,-120.5,25
-15,39.5,82
-136.5,28,97
-4.5,51,172.5
115.5,255,85
81,-60.5,176
231.5,222.5,101
-61,-129.5,71.5
22,-11.5,99
6.5,197.5,6
62.5,-8,-43.5
-148.5,139,101.5
90,-144.5,-46.5
89.5,259.5,58.5
279.5,-149,106.5
53.5,-11,196
-148.5,31.5,-22
-138.5,218,-32.5
88.5,295,157
-111.5,-101.5,-43.5
-16.5,183,94
79.5,40,-45
-46.5,236.5,75
264.5,-26.5,41
-117.5,179,112.5
-62,65,34.5
91,141,-44
179.5,-99,3
215.5,280,191
-8.5,-30.5,145.5
234,188.5,-8.5
295.5,297,167
101,-99.5,44
174,58,162.5
1,-59,150
183,213.5,43
-145,41,-20.5
-46.5,-135.5,-21
212.5,-39,4
292,-47,-32.5
23.5,-124,107
214.5,41.5,177.5
-73.5,175,101.5
174.5,104,-24.5
-47.5,66.5,93
-1,11,127.5
162.5,-94,52
82.5,-63.5,89
-18,271,101.5
-3,215.5,137.5
188,-142,45.5
-124.5,24,-31.5
181.5,113,-30.5
-147.5,-55,27
-51.5,149.5,15
-73.5,183.5,147
-47,267,2.5
-26,-13,20
209,172,63.5
287.5,148.5,11.5
256.5,189.5,88.5
172,-42.5,76.5
153.5,-12,93.5
-39.5,48.5,107.5
59.5,-57,40.5
275.5,126.5,-33
29.5,-18,180
-4.5,83.5,16
150,-133.5,44
232,-30.5,140
-40,86,-24.5
72.5,217.5,137.5
143,-10,-7.5
4,-135,55.5
293.5,14.5,19
-11.5,145,6.5
32,190.5,184
111,255,117.5
-146.5,-145,-43
264,126.5,157
154.5,40,157
213,-91,176.5
24,-96.5,-24.5
27,138.5,-37.5
-91.5,211,8.5
144.5,0.5,-15
-93,175,118
23.5,-64,-4
206.5,242.5,116
154,-62.5,13
-91,142.5,3
34,173,97.5
-51,20,96.5
183,137.5,55.5
177.5,86.5,97.5
-31,270.5,68.5
64,261.5,-3
109.5,211,169
-4.5,50.5,184.5
105,164.5,33.5
286.5,164,71.5
-118.5,168.5,26.5
282,-1.5,179.5
-138,-147,41.5
282.5,233,113.5
48,177.5,25.5
-51,198,143
124.5,-97.5,94.5
-149.5,89,-44.5
237,-121.5,102.5
-22,97.5,117
126.5,176,161.5
47,-18,-34
-14,80.5,108
66,-135,191
-118.5,97,125
186.5,273,163
-38,261,75.5
174.5,79,128
129,-55.5,45
130.5,225.5,117.5
-52,295,95.5
233.5,33.5,137.5
259,32,52
141,-34,85
81,182,75
291.5,-55.5,199.5
175.5,253.5,61
-73.5,107,-45.5
104.5,-94.5,138
185.5,175,87
-93.5,-62,94
250,158,128
-17.5,-50,111
-128,-110,144
253.5,-28,-20
179,272,153
-69.5,160.5,166.5
255,277.5,133
-57.5,-14.5,67.5
66,-128.5,118
234.5,-104.5,-11.5
217.5,141,94.5
141,-136.5,24
-127,-39.5,17
260.5,289.5,62
-32.5,200,-38.5
-60.5,244.5,199
186.5,89.5,38
263,281,-24.5
-119.5,175,-10.5
195.5,239,17
89.5,33.5,155
109,-12,177
-27.5,-13.5,1.5
159.5,248.5,76
-130,-51,17.5
88.5,-106,37.5
264,147.5,8
-42,-117.5,181
-138.5,-4,163
-134.5,199,-9
176.5,35,69.5
297,-42.5,195.5
70,149.5,-4
-1.5,177.5,92
-33.5,-148.5,-34
-61.5,38,179.5
-130.5,-46,177
259,299.5,74
68.5,-59,197
-130,9,58
262.5,-125.5,17
237.5,238,-27.5
167,131,-31
40.5,-144.5,96.5
40.5,-132,24
123,6,-13.5
-61.5,135,170.5
-88.5,-110.5,-33.5
36.5,202.5,-21.5
20,245,105
-85,-135,105
165.5,-94.5,-43.5
-128,237,44.5
168,-127,-3
-116.5,296.5,51
275.5,-104,54.5
206,284,97.5
-60,-107.5,77.5
213.5,-35.5,-14.5
132.5,80.5,-42.5
-104.5,157.5,174.5
294,-72,138
-98.5,-88,105
276,102,-22.5
-38,167.5,145
161,-13.5,173.5
-106.5,207.5,77
-85,15,33
69,74,182
176.5,194.5,33
-58,-113,138
135.5,264.5,11.5
143,-7.5,77.5
276.5,48,61
-10.5,127,-21.5
41,289.5,-5.5
53.5,243,-19
276.5,-138.5,56
-34,296,-8
-43,265.5,137.5
286.5,57.5,-15
-49,-14.5,-49
267,140.5,43
-103.5,223.5,-41
63.5,278,-17
164,-70,161.5
294.5,-115,198.5
30,-22.5,68.5
50.5,-93.5,78
278.5,21,28.5
42.5,-57.5,0.5
71,-16,-21
-62,-118,187
191.5,-68.5,64.5
-4.5,181.5,171
284,274.5,19.5
174,-18.5,115
-32.5,21.5,135
-138,71.5,118
0,26,-15
181.5,287.5,61.5
288.5,40,19
124,247.5,90
-79.5,259.5,46.5
-134,69.5,147.5
-23,82,141.5
183,239.5,-30
299.5,55.5,-49.5
198,-61,155.5
245.5,128.5,118
170.5,158.5,163
69,-39.5,19.5
286.5,-56.5,187
-27.5,-49.5,179
24.5,181.5,18.5
222,-42,-16.5
279.5,210,80
109,-16.5,55.5
209,-46.5,71
284,235,102
208,242,-29
-80,28.5,-47
222.5,8.5,-48
-23,128,-39.5
151,112,-27.5
174.5,104,131.5
62,251.5,43
218,231.5,96
-61.5,-135.5,115
246,149,-37.5
175.5,186.5,49
-136.5,99.5,148
283.5,237.5,21.5
146.5,96,192.5
236,159.5,74.5
216.5,-131.5,89.5
-103.5,121,0.5
177,225.5,175
173,-49,76.5
-139,238,193.5
38,187.5,14
12,-113,197
112.5,158,97
229,-56.5,44.5
135,94.5,184.5
140.5,93,159.5
180.5,251,34
-45,-146,35
124.5,185,41
-74.5,262,199
-114,199.5,17
61,101.5,-14.5
33,278.5,164.5
140.5,165.5,91.5
-144.5,150,169
-3.5,-39.5,36
123,-9.5,72
148.5,261,-4
33,196,59.5
205,110,80.5
60,190,15.5
-58.5,44.5,192
278,-112,198.5
287.5,203.5,69
9.5,-134,-28.5
-109.5,74,153.5
101.5,-93,-45
-137.5,79.5,57.5
131,51,-48.5
-73.5,-8,101.5
51.5,196.5,66
186.5,143,-0.5
118,169,71.5
83.5,-54,-49.5
4,296.5,-39.5
-20,26.5,89
74.5,-146.5,-0.5
242,243,-9
-29,274,142.5
-66.5,91,91.5
246,204,131
157.5,-129.5,198.5
294,-135,191
136,-128,-20.5
45.5,-5.5,182.5
63,-108,33
214.5,282,165.5
-100.5,-107,39.5
57.5,252.5,33.5
82,-3.5,-11
234.5,5,199.5
209.5,-27,65.5
-133.5,-20,18
-119,-107.5,66
99,-54.5,114.5
257.5,16.5,-12.5
138,207.5,6
173,-104,66
144.5,-31,46.5
272.5,206.5,40
-138.5,241,77.5
57.5,-22.5,89.5
286.5,201,11.5
293,160.5,115.5
204.5,47,84.5
-62,140.5,34
-67.5,-9,139
-92.5,145,117.5
-54,-84.5,-25.5
231.5,261.5,163
-76,-123,-19
63,76,-15.5
149,94.5,184.5
116.5,-68,-27
-118,139.5,142
-105,-108.5,24.5
53,133.5,-5
43.5,138,-48.5
217.5,184,-40.5
-41,-87,-7.5
289,278,74
296,243.5,149
-102.5,245,-41
-115,43.5,-44
289,-147,124
-144,223,51.5
-9.5,218,103.5
93,266,165
-41.5,105,2.5
34.5,-67,-31.5
179,182,141.5
-18,282.5,20.5
-37,151.5,22
114.5,-30.5,52
90,164.5,-6.5
-149.5,237,-31.5
-129.5,-143.5,196.5
-94,-45,12
291.5,298.5,152.5
299,37,197
229.5,118.5,-42
295,26,-33.5
74.5,152.5,143
83.5,13,156
120.5,-51.5,84
296,88.5,142
150,-141,-27
-4,-98,53.5
206,32.5,-8.5
-90,145.5,129.5
148,-148,-22.5
194,68,136
222.5,289.5,167.5
71.5,161,194
-42.5,212,-29.5
232.5,153,-6.5
71.5,153,3.5
141.5,-78,101.5
-19.5,234.5,23.5
179,258.5,181.5
46.5,-13.5,97.5
55.5,-149.5,35
256,-10.5,40.5
276,57,70
189.5,-43.5,1
298.5,247.5,113
172.5,61,-6.5
225.5,149.5,-34.5
-87.5,-62,184
229,187.5,26.5
-136.5,220,84
-88,-130,96
-83,-90,-34.5
295.5,-78.5,3.5
270,175,31
25.5,-101.5,153
144.5,-53,115.5
75.5,145.5,-48
50,25.5,-6
-76.5,295.5,171
-133,47,-34.5
246.5,175,45
151.5,10.5,191.5
8.5,243,-18
-25.5,-65,31
184,-87.5,186
207,120,153.5
131.5,-86.5,159.5
-56.5,-23,42
195,245,137
227.5,263.5,20
174,116.5,-48
280.5,11,-16
201.5,229,75
-126,-25,88.5
-18.5,50,178.5
-132.5,158.5,102
-45,16.5,77.5
-70,52.5,-2.5
275.5,-134,8.5
204,-103,108.5
248.5,251,-34.5
158.5,78.5,141.5
-81,178,101.5
93.5,260,22.5
159.5,35.5,38.5
225.5,223.5,70
119,67.5,150.5
147,283.5,102
224.5,-56.5,80.5
184,-118,119
148,-146.5,168
163,-73.5,-1.5
-55.5,145,55
52.5,63,-14
24,170.5,-36
216,39.5,173.5
75.5,233,168.5
-112,76,-41
67,-81.5,-33
-74,-31.5,-5.5
230,146.5,173
16,178,60.5
31,-142.5,155.5
116,-121,-35
271,-87,115.5
277,143.5,14
290.5,-132,170.5
205.5,224.5,113.5
-135.5,211,123
-1,105,72
152,-59.5,-47.5
-107,38,171
-8,262,-33
219.5,130,92.5
80.5,-125,164
126.5,259.5,81.5
74.5,-145,187
-102,89.5,55
235.5,180.5,140
279,-97.5,197
45.5,162,33
100,266.5,82
76,-18.5,59
-42.5,-12.5,19.5
31,-63,141.5
282,259.5,55
-111.5,-52.5,185.5
-95.5,53,154
-59.5,-111.5,-9.5
284,139,198
-2,18,160
90,249.5,92
247,167.5,89.5
-34,-52,59
-91.5,109,126.5
-45.5,-27,78.5
245.5,90,194.5
-27.5,30,-24
165,12.5,199.5
284,20.5,5
211.5,-120.5,156
25.5,291,121.5
152,-67,-47.5
-9.5,254.5,161
135.5,239.5,133
13.5,281.5,151
-25,33,123
154.5,-147.5,39
230,-55,156.5
180,153,65.5
-36.5,-129,-7
151,-42.5,51
-61,173.5,177
98.5,-36.5,79
63.5,-146.5,148
90,-40.5,75
66.5,-23,149.5
-30.5,28.5,88
-78,103,54.5
-61.5,279.5,50
113,-58.5,10
149,94.5,-38
3,-133.5,-6.5
126,-112.5,51
173.5,-18,185
-129.5,-54.5,68.5
182,-29.5,67.5
-150,156.5,42.5
-117,67.5,150.5
54.5,164,100.5
280,-111,70.5
-80,-61,146.5
127.5,260,28.5
207,93.5,130.5
25.5,33.5,-28.5
99.5,-0.5,164
47.5,218,51
50,-104,63
293.5,-17.5,104.5
195,-130,108.5
207.5,6,-27.5
-49,-35.5,156.5
-127,111.5,17.5
246.5,199,-46.5
247.5,34.5,141.5
140.5,-51.5,128.5
249,202,25
46,111,167.5
-91,3,8
-48.5,-6,102.5
136,215.5,-47.5
-31.5,180.5,50
-111.5,-79,101
167,16,-11.5
275.5,87,-47
267,91.5,14.5
75,-143,148.5
122,228,27
119.5,-48,24.5
-148.5,69.5,4.5
-26,195.5,-50
164,-131.5,52.5
118.5,-29.5,-12.5
261.5,-116.5,166
40,123.5,196.5
161.5,24.5,163
-105,34,66.5
-133,276,-2.5
92.5,269,-1
148.5,-83,95
117,158.5,182.5
17,219.5,75.5
240,178,-33
-124.5,142.5,-27.5
258,-97,26
216.5,-121,117.5
111.5,-25.5,158.5
-37,-91.5,84.5
17,265,69
-53,174.5,15.5
-44,40.5,181
68,249,89
186,147.5,128.5
247,102,90.5
290,-135,53.5
190.5,69.5,85.5
-114,256,70
115.5,257,-24.5
158,-31.5,-33
159,101.5,62
-58,243,69.5
93,65,182.5
286.5,237,-26
-97.5,224,112.5
141,177,37
29.5,-107,120.5
32,254,51
-15,161.5,174
175,-101.5,175.5
-89.5,64,-3.5
256,138.5,47
43.5,-144.5,113.5
-88,239,-16
259.5,199,37
22.5,122,-10
217.5,-72,53
109,-104.5,103
-145,-21,109
157.5,-108.5,-11
131.5,-109,23
146.5,288,93.5
198.5,77,-30.5
-34,218.5,-40.5
-106,-123,113.5
-86,256,96
247.5,-47.5,197.5
226,-77.5,133
283.5,252,120.5
227.5,-113.5,64
-71,213,61
-94.5,171,103.5
34.5,262.5,57
187.5,156,58.5
-121,-83.5,79.5
-65,249.5,-44.5
265,267.5,186
153,45.5,119
-131.5,141.5,-34.5
-63.5,235,-49.5
112,160.5,-26
37,-135.5,137
141,167,153
50,226,-11.5
34.5,166,112
95.5,-118,10
-142,56.5,168
64.5,-113,92.5
210.5,-97,155
-54,-138,143
-136.5,126.5,199
-47,-110.5,40
160.5,175,-40.5
-60,149.5,89.5
-148.5,-133,10
105.5,-38,86.5
-116.5,153.5,108
146.5,219.5,-25.5
30,210,-39
241.5,-149,107.5
188.5,-2.5,27
-110.5,244.5,44.5
210.5,238.5,-37.5
41,-18,62.5
-85.5,-26,157
146.5,-117.5,73
-123.5,10.5,35.5
-114.5,267,175.5
-104,290.5,169
116,-29,-10.5
-149.5,166,56.5
-114,-101,161.5
-139.5,-69,96.5
-83.5,-105,134
180,-43,44
1.5,-80.5,127.5
141.5,298,13.5
152,275.5,54.5
-118,-125,82.5
79.5,-102.5,176.5
32,266,12.5
13,265,172.5
233,12.5,8
-68,-40.5,92
200.5,2.5,-31.5
98,205.5,25
-48,-11,124
299,-19.5,20
-4,191,149.5
111.5,223,28
-78,-44.5,29
159,235.5,23.5
69.5,-132.5,178.5
243.5,271.5,-23
-109.5,290.5,159
-114.5,-21.5,53
-55,154,177.5
280,50,190
275.5,161.5,46.5
103.5,-70.5,178
154.5,188.5,157.5
227.5,229.5,-39.5
85,-10.5,-15
123,203.5,169.5
234,248,153
-78.5,-12,162.5
246.5,80.5,140
-136,111.5,33.5
35,175,-25.5
11.5,-38.5,187
-8.5,-39,156.5
102,295.5,139.5
104,173.5,175.5
-35.5,37,170
30.5,204,2
199,70.5,21
-57.5,-77.5,25.5
230.5,-85,164
-124,290.5,49.5
31.5,65.5,-11.5
-33.5,-97.5,159
30.5,287,184
-148,-6,42
-37,-28.5,-27
235,245,138.5
80,266.5,127.5
286,-2.5,49.5
162,252,156
252,1.5,31.5
-91.5,127,22.5
-124.5,238.5,1
127,-83,132
56.5,259.5,-6
46.5,270,75.5
-23,-98,-9
190,104.5,187
179.5,111,51.5
55.5,161.5,-11
-25,194.5,168.5
294.5,89.5,58.5
-4.5,85,-33
16,299,47.5
-46,245.5,172
17,113,166.5
-124.5,34,-26.5
12.5,-21,30
1.5,231,131.5
224.5,-17,150.5
233,156.5,12.5
-127.5,256,63
233,-43,20.5
-114.5,-7,-15
-110.5,74,-22.5
-58.5,269.5,164
-127,60.5,33
19,276,42
-43.5,-121,59.5
-4.5,-141,0
-100.5,22.5,48
44.5,-62,-39
32,165,134
27.5,-0.5,-17.5
25,90,163.5
259,263.5,84
-55,0.5,142
254.5,203,175.5
-120.5,-34,188.5
-98,165,59
295,176,74.5
-33,-32,58.5
239,171,11.5
226.5,213.5,124.5
-47.5,42.5,92
90.5,-59,114
95,-106.5,20.5
-5.5,-111,136.5
187,77.5,69.5
-105.5,-96,150.5
141,287,96.5
-88.5,194.5,76.5
-35,27.5,4.5
-57.5,296.5,157
194.5,169.5,27
110.5,-145,151.5
-136.5,285,83
139.5,278,80
-35,271,186.5
234.5,271.5,10.5
126.5,-109.5,-39.5
263,-95.5,49.5
-56.5,227.5,-16.5
74,-136,88
214,201,105
257,-57.5,-22
69,-35,66
128.5,-86,146
134.5,-91.5,9
-135,-14,185.5
162,53,107.5
-33.5,-46,134.5
209,270,192
199,78.5,148.5
269.5,192,149
-82.5,226.5,114
172.5,-142,-24.5
296.5,-45,165
73.5,2,-45.5
6,199.5,112
109.5,-60,106
31,113.5,155
-102.5,-35.5,185.5
-128,85.5,191
278.5,48.5,131
-86,-146,47.5
286,-43,9
-76.5,261.5,-20
275,264,77
217.5,13,78
-77,18,9.5
-77.5,29,-45
225.5,276.5,16.5
137,-21,-22.5
157,-131,64
-83.5,-99,119
195,239,140
-113.5,-95,62
158.5,285,51
-128.5,296,192
-34.5,33.5,33
126,232,147.5
116.5,230,65
48,189.5,68
35,-36,95.5
136.5,269.5,8
-145.5,219,-17.5
44.5,-30,-10
292,-26,178.5
160.5,10.5,33
38,-99.5,111.5
-140.5,-97.5,117.5
94.5,266,81
227,254,150
-42.5,-111.5,78.5
242.5,-96,88.5
-41.5,-54.5,-5
-107,-37,171.5
58.5,173.5,198.5
257.5,230.5,57
296,254,24
3.5,112,189.5
166.5,74.5,-21
197.5,25.5,195
158.5,-70,-14.5
281,-62.5,0.5
-90.5,101,162
136.5,-88,72.5
248.5,48,-11.5
196.5,135,127
-113,250.5,65
169.5,111.5,73
123,66.5,154.5
-61,-14,161
-138.5,107.5,37.5
145.5,-130,121
53.5,-70.5,38
275,291,-37.5
169,73,-32
245.5,-3.5,89.5
-26.5,215.5,194.5
-87,269,98
163,99,154
38,-5,120.5
228.5,-31,6.5
145,181,-25
224.5,-79.5,-30.5
9.5,154.5,60.5
125,69,-31.5
-121.5,-139.5,129.5
-122,-84,-18
191,110.5,33.5
193,-129,-36
171,241.5,83
-82.5,-147.5,52.5
32,-127.5,34.5
68.5,-51,24
-73,229,34.5
-22.5,63,-7
275.5,225.5,17.5
217,105.5,136.5
-14.5,83,160.5
243,216,106
-26,-121,62.5
39,-86,-25
-62,286.5,33
67.5,-104.5,0
-134,244.5,184
27,-73.5,30
34,-35.5,195.5
33,22.5,-2.5
-48,123,109.5
131,-118.5,-0.5
243,-67.5,147
-19.5,260,-33.5
1.5,219,-31.5
273.5,151,132.5
-110.5,-130.5,3.5
-133.5,7.5,-44.5
47,-46.5,128.5
183.5,-24,-45
138,-123.5,71.5
-95,60,-9.5
-10.5,198.5,70
122.5,-63,32
-127,52,78
-94,162.5,145
76,242.5,21.5
145,-99,62
251.5,-53,101.5
259,-99,-6
-81.5,20,16
-111.5,-145.5,165.5
80,-125.5,82
280,-65.5,77.5
274,146.5,-26
-7,152,-32
88,-125.5,-13.5
274,-131,148.5
211,-104.5,93
27,-40.5,33.5
64,-124.5,60.5
-87,16,119.5
-135,95,97.5
-68,-128.5,8.5
58.5,175.5,-44
-148.5,-123,187
282.5,-38,140
-59,-18.5,24.5
53.5,-119,79.5
-115,-80,-14
233.5,128,141
-40.5,-90.5,89
-146.5,34,-2
121,95,-31.5
61.5,49.5,-14.5
63,-105.5,165.5
39.5,275.5,70
270.5,98,92
36.5,217,116
-132,69.5,119.5
-141.5,126,174.5
130.5,-44.5,186
32.5,221.5,62.5
26,-28.5,6.5
-53.5,128,176.5
136,218,-24.5
128.5,163,38
-37.5,196.5,182
106,235,176.5
261,44.5,-10
-18,103,71.5
-104.5,258,70
-18,-144.5,100.5
288.5,167,-21
-8,4.5,157
91.5,-71,169
108.5,222.5,18
-42.5,88,-34.5
-10.5,210.5,22.5
-112,266,-6.5
-63.5,203.5,82
98.5,160,-34
-86.5,298,89
222,38,-5.5
-108,-100,99
292,-47,101.5
272.5,173.5,83.5
-58.5,-133.5,24.5
114,-19.5,185.5
11,295.5,113
71,-30.5,164.5
-67.5,104,71.5
113.5,226,50.5
214.5,147.5,-31.5
-78.5,296.5,61
-26.5,207.5,37
273,251.5,17
34.5,114,197
34,188.5,-34.5
247.5,-114.5,23
-51.5,295.5,1.5
73,115,175
143,138,164.5
280,-113.5,-6.5
131.5,77,-13.5
-57.5,265.5,179.5
213,299.5,47
107.5,2,173.5
230.5,-48,163
229.5,180.5,-25
29,165,68
100,258.5,54.5
294.5,98.5,129
-19,160.5,175.5
-137.5,249,195
-103,-144.5,42
249,40,73
22.5,151.5,89
203.5,39.5,187.5
-78,37.5,36.5
119,286,79.5
-129.5,49.5,31
-40.5,259.5,37.5
37,91.5,197.5
-2,288,183
139,298.5,97.5
179,94.5,9
193,237,21
230.5,118,135
9,-73,117.5
-11,-32.5,-16
60,-57,117.5
154,172,189
296,187.5,-3
-81,144,-4
49.5,206.5,172.5
209,6.5,153
-51.5,279,-35
271,82.5,124.5
161,-21.5,59
-75,56.5,192.5
29.5,-20.5,57.5
147,-120,79.5
88,185,32
40,147.5,-46
210,-97.5,-23.5
195.5,-94.5,191
236.5,26.5,99.5
272.5,-27,170.5
-110.5,73.5,144.5
229,214.5,23
69.5,81,-16
149.5,161.5,152.5
-101,99.5,102.5
-29.5,-14.5,19.5
151.5,-148,1
-91.5,224,101
-112.5,60,149.5
79.5,270,124.5
266.5,70.5,137.5
215,283.5,188.5
-29,80.5,25
197,-122.5,156.5
-147,-133.5,20.5
255,-60.5,119
-108.5,-96.5,11.5
-51,98.5,196.5
-142.5,-11,126
35.5,27.5,176.5
230,29,61
-30,67.5,90.5
260.5,-78.5,51.5
199,-131.5,124.5
-90.5,-47.5,92
280,-2,115.5
248.5,-118,96
50.5,-119,176.5
260.5,-135.5,-34.5
61,-10,23
-61,156,148.5
-55,-87,109.5
-14.5,221.5,58
225.5,-128,91.5
286,-38,2
272,198.5,-3
-128,93,196.5
194,51.5,-33
19.5,-135,-9
243.5,177,63.5
222,-55.5,45.5
-66,-57.5,-45
116.5,101.5,199.5
-145.5,152.5,173.5
297,87.5,141.5
275.5,-10,159.5
140,-78.5,91.5
278.5,-11,104.5
167.5,291,198
-73.5,-16.5,99.5
253.5,123.5,-1
-11.5,232,179.5
184.5,-136,145.5
-23.5,-101.5,128
74,31.5,165.5
182.5,140,20
176.5,64,125.5
71.5,162,79
18,228,120.5
-58.5,229,72.5
152.5,252.5,117.5
137,89,-26.5
290,180.5,177.5
20.5,-63,176
217.5,82.5,-2
65.5,242,-10.5
82.5,229.5,54
139,-90.5,182
146,251,30.5
161,239,166.5
78.5,-82,129
83.5,202,15.5
3.5,166.5,54.5
90.5,-18,-13
298,-71,40
180,-31.5,25
170,113.5,103
119,-62,60.5
-53,-63,56.5
265.5,286.5,80.5
198,191,-26
240,46,29.5
149.5,113.5,192.5
146,-132,12.5
78,-85,-42
111.5,205.5,164
188.5,-70,38
226.5,-96.5,157
267.5,29.5,192
294.5,177.5,98
238.5,150.5,135.5
158,284,162
161.5,101,102.5
225,263.5,93.5
-110,-137,-21
150,187.5,58
-48.5,166.5,22
-5.5,114,-2.5
217,6.5,181.5
-142,149.5,17.5
73,-23,119.5
-138.5,76.5,-12
127,-60,-36
214.5,100,121.5
141,-15.5,-28
8,12.5,175.5
-45,157,88.5
10.5,-34.5,72
92.5,244.5,138.5
77.5,-144,-29
67.5,-34.5,152.5
-7,223.5,177.5
-42.5,-125,154.5
-48.5,260.5,150
226.5,-60,98.5
63,-21,59.5
-136,-5.5,142
85,-95.5,78.5
66.5,174.5,-16.5
-112.5,219,34
-80,-22.5,31.5
180.5,-52.5,129.5
153.5,18,151.5
236.5,126.5,17.5
-137,91,50.5
-52.5,-81.5,-42
45.5,-100,21.5
-147.5,219,56.5
-77,214.5,54.5
-82,287,198.5
160,226.5,122.5
241.5,264,68
-114,-52,58
-148,38,58
-35,62.5,17
139.5,-3,0
-44.5,174,164.5
217.5,-19,121.5
6.5,186,124.5
32.5,64.5,-4
-61,66.5,-39
250.5,-25.5,149.5
101.5,-90.5,126.5
-0.5,299.5,9.5
-115,108,178.5
-55,65.5,167
-4,-37,90
-4.5,-97,-39
122,234,159
206,-143.5,195.5
42.5,235,-12.5
-136.5,173,183
-28.5,174,152
263.5,-50,6.5
-10.5,167.5,121.5
98.5,141,-43
154.5,-76,164.5
155.5,180,29.5
-79,-35,116.5
244,218.5,185.5
-17.5,-87,43
283.5,-56.5,-34.5
242.5,186,100
147,-51,40.5
10.5,185,110
-18,-4.5,12.5
136.5,159,142
220,-104,142.5
-110.5,132.5,4.5
31,110,159
-63.5,281,63.5
-77.5,-52,199.5
241,-148.5,25
-101,110,89.5
-46.5,43.5,35.5
25.5,212.5,115.5
-139,-106.5,-18.5
292,-115,158.5
189,133.5,-7
265,-136,125
102.5,-14,41.5
92.5,-102.5,37
173.5,262,-32.5
13.5,193,172.5
1,113.5,164
248,57,18
95.5,209,165.5
291.5,22.5,77.5
14.5,222,75
0.5,119,154
175.5,-91,-2.5
191,78,86
-37.5,211.5,187
-85,-2.5,114
-33,110,163
-113.5,222,38.5
-131,-67,100
20,278,24.5
274.5,175.5,164
169.5,-25,-3
251,229,119.5
-103.5,18,-37
-131,122,31
165.5,-106.5,44
29.5,16,-45.5
247.5,-62,130
-106,257.5,111.5
-62.5,-122,85.5
198,202,87.5
-109,71.5,153.5
-14,-21,192.5
104.5,189,192
-105.5,200,-33.5
29.5,156.5,4
283,-133.5,144.5
176,278,-25.5
222,201.5,-42
154,135.5,0
191,-18,117.5
-90,189,-16
15.5,-68.5,89
133.5,225.5,158.5
185,168.5,1.5
17.5,-131.5,14.5
190.5,107.5,170.5
-119.5,-115.5,-22.5
207,104,185
-53,-10,123.5
22,232,96.5
-47,78,54
246,255.5,28
-40.5,158.5,-19
-8,-76,-37.5
-33.5,102,-12.5
243.5,251,109.5
-120,198,101.5
164.5,103.5,5
163,272,-28.5
226,255.5,172
61,282.5,16
1.5,271,29.5
-3.5,215.5,90
52,116.5,192.5
182,184.5,77.5
22,-50,-20.5
281,193,-5.5
-66.5,291.5,-15
-111,129,134
-100.5,204,57
49.5,-78.5,91.5
-103,53,-29
-123.5,3.5,24.5
-144,-133.5,153
-28,95.5,-16
214,232,184
5,261.5,101.5
166,294,-2
197,-136.5,-29.5
-108,94,12
181.5,181,167.5
251.5,91.5,173.5
-109.5,278.5,156
75.5,223,36
127.5,-15,77
-148.5,8,7.5
139,46.5,154
-75.5,-149.5,148.5
227,150.5,106
179.5,262.5,-44.5
-70,-85.5,168
-10,-24.5,9
56,226.5,29
186,263,25.5
72,-2.5,137
-64.5,26,-12.5
124.5,-15,38
26,-101.5,122.5
241.5,-137,1.5
273,2.5,-22
20,291.5,182.5
261.5,17.5,51.5
240,-90.5,131
120,224,178
224,26,97.5
-136,-41,128
225.5,292,63.5
106.5,97,190
-130.5,-64.5,28.5
134.5,195,115.5
191.5,-111.5,177
-67,-139.5,65
92.5,108,160
19.5,-93.5,-13.5
151,-110,-29.5
-21,28.5,86.5
287.5,242.5,35
171.5,146,-26
3,207,178
161,70,3
-89.5,109.5,44.5
-143,-74,27.5
-96.5,50.5,24.5
75.5,45,-13
-51.5,60,72.5
-108.5,77.5,55
3,210,59
27,-108.5,-2
222.5,176.5,49.5
68,-31,75
92.5,287.5,61.5
-18.5,176,-2.5
15.5,-22,114.5
25.5,-121,-33
28,-38,-15.5
112.5,-69,77.5
238,233,-15.5
182,98,145
3,-40.5,145.5
-126,151.5,-39.5
219.5,159,0.5
-30,-122,149.5
207,243.5,0
267.5,117,56.5
42.5,55.5,-31
-91,103,-13
254.5,239,43
-135.5,237.5,-6
-2.5,163,90.5
193,-146,157.5
231,192.5,132.5
283,-38,93.5
272.5,218.5,-31
152,3,154.5
252,-18.5,73.5
230.5,-101.5,148
209,188,-34.5
-96,151,25
-6.5,277.5,175
161.5,223.5,89
141,263.5,186
20,-126.5,158
-125,119,-43
196,255,38
-115.5,89.5,193.5
198.5,204,106
266,111,82.5
172,274.5,17
104,-122,-40
-73.5,62.5,-37.5
-31,82.5,109
180.5,240.5,-42
136,228.5,79
-132,247,190
-3,263,10.5
167,-28,188
174.5,-49,171
39,-98,139
-139.5,-88.5,134
259,69,140.5
282.5,-59,169.5
-143.5,-140,11.5
3,-87.5,197.5
-12,-136,143
87.5,48.5,-47
-3,159.5,27.5
235.5,-142.5,117.5
270,180,140.5
241,79.5,88.5
-69.5,178,159
173,1,152
102.5,110,187
72,-54.5,124.5
42.5,225,59
115.5,-23,69
208.5,122,174
150.5,144.5,57
261,-88.5,190
180,118.5,25
96,98.5,164
217,281.5,54.5
123.5,217,10
-15,-63,-13
-27,27.5,88
-29.5,-8,113
188.5,4,107
-122.5,136,56
269,201.5,90.5
-7,-76,158.5
98,120.5,-30
284.5,15.5,180.5
-11.5,235,26.5
-41.5,110,-2
294,65.5,17
26.5,-31,58.5
169,-115.5,138.5
4.5,165,-7.5
-102.5,-77.5,198.5
41.5,208,143
120,193.5,34
4,-116,105
222.5,222.5,125.5
210.5,-60,-26
16,253.5,7.5
124.5,36.5,-6
269,254,-14
232,-67.5,44.5
292,192,18
115.5,238.5,-20.5
-71,143.5,53.5
-5.5,234.5,15
38,-117.5,-19
-85,201,94
248,-42.5,96.5
67,252.5,132.5
87,-116,174.5
37.5,201,-47.5
-61.5,200.5,10
156.5,-142.5,-42
47,183,5.5
190.5,279.5,-38.5
-53.5,-73.5,168
22.5,-104,81
13.5,246.5,117
97.5,207.5,-25
38.5,68.5,196.5
45,151.5,141
240,163,-42.5
-43.5,-109,128.5
64,-33.5,95
137,133.5,-12.5
258.5,189,69
-20.5,230.5,154
-93.5,61.5,7.5
196,-43.5,65
-41,171,34.5
-120.5,200.5,62
59,-107,-48.5
-21.5,-93,72
252,59,56
-19.5,-129.5,62
-33.5,-82.5,-13.5
78.5,277,174.5
110,120,175
163.5,175,152.5
-71.5,-142,114
56.5,287,52.5
127.5,202.5,-11.5
150,-84.5,113.5
-145,-108,113.5
38,30,-19.5
245.5,184,72.5
206,-80.5,179
-148.5,93.5,64
-119,176,137
-2.5,-108.5,127.5
222,13.5,189
189.5,29.5,114.5
77.5,-124.5,30
-108,-66.5,31
99,123,192.5
280,49.5,145.5
226,139.5,62.5
-94.5,29,82
-30.5,-36.5,-47
204.5,204,34.5
159,134.5,-45
89.5,-141,62
-59.5,-11,4.5
261,82,193
281.5,236.5,54.5
135,102,160.5
42.5,208,111.5
-31,45,148
289.5,-146,181.5
-144.5,245.5,17
15.5,-72,117
101.5,217,18.5
193.5,-20.5,3.5
-142.5,11.5,-50
230,160,168
244.5,-20.5,180
-54.5,-23.5,120.5
-81,19,136
-53.5,-108.5,3.5
95,72,-5
224,29,43
68.5,-2.5,46
58.5,256,132
20.5,202.5,-38.5
46.5,-36,195
-16,236,185.5
-52.5,173,122
193.5,59.5,-39
-20.5,73,-40
239,66,130.5
289,281.5,87.5
0,275.5,53.5
117.5,212.5,-40
-82.5,69,-39.5
171.5,-52.5,-22
117,-11,-39.5
212,290,16.5
291,-124,192
-71,-22,-16
-46,242,-34.5
-32.5,248.5,153.5
-37,-64,190.5
161,77,107.5
-66,-141.5,133.5
-10,240.5,197
-58,2,161.5
-58.5,52.5,-5.5
-136,202,147
-107.5,34,86
146,241,195.5
42,233.5,-37.5
-37.5,297,146
233,-138.5,29
53,249.5,141
120,103.5,-12.5
109.5,252,138.5
-5,260.5,161.5
214,3.5,173
-133,-4,71.5
224,265.5,-7.5
236.5,125,67
-35.5,-57.5,64
289.5,-24,167
114,264.5,75.5
-1.5,-65,51.5
203.5,143.5,48
-67.5,150,-36
172.5,260,154.5
-109.5,19,130.5
-94,270,197
-136,-112.5,112.5
-14.5,46.5,130.5
-85.5,-58,81.5
46,134,180.5
-142.5,-12,95
-93,126,56
-138,-103.5,104
-81.5,105.5,-0.5
-110.5,118.5,82.5
234,227,150.5
154,175.5,91
110.5,-48.5,185
245.5,260.5,69
-26,133.5,-14.5
267,187,45
278.5,28,-49.5
-144,-45.5,-44
-69.5,63.5,141
13,-37.5,185
220,-124,25
-3.5,-74,-5.5
55.5,284.5,151
50.5,-117.5,-45
59,149,176.5
294,7,-47
-124.5,-51.5,127.5
273,-55.5,-7.5
208.5,169.5,112
-52.5,-49.5,179
293,175.5,127
-30,141,85
-46,-20,73.5
201.5,295,39.5
256,-51.5,67
171,-76,-48.5
35,-111.5,162.5
-51,262,36.5
13,158,-11
212.5,118,42.5
-82,169.5,168
252.5,-60.5,92.5
247,89,24.5
295.5,-80,183
277.5,-53,130
284.5,-34.5,123
44,232,186.5
180,162,94
176.5,-70,-46
-142,-47,113
-19,190,19
103.5,2,162.5
-91,236,158.5
51,276.5,164
-87,-23.5,31.5
190.5,-11,192.5
129.5,278,197
48,50,171.5
188,159,159
-115.5,211,33.5
-125.5,154.5,9.5
203.5,150.5,52
281.5,36,44.5
274.5,-103.5,69.5
-68,-98.5,-5
299.5,-77.5,146
-48,161.5,182.5
-15.5,-71.5,-18
73.5,289,133.5
48,216,179
110,2,176.5
-148.5,-97,-43.5
215.5,-47.5,191
204,-71,123.5
-114.5,196.5,138
-70,-114.5,52
75,7,-0.5
261,206,1.5
-137.5,-79.5,95.5
-11,-120.5,172
43.5,53,156.5
283.5,-92.5,-49
-3,286,179
254,275,141
230.5,299,185.5
-137,207,150.5
215.5,31,193.5
240,-52,-10
-88.5,11,-9
144.5,-77,26.5
3,237,-33.5
196,127,-12
135,-109,108
243.5,-61,-24.5
-23,-72.5,-19.5
116.5,264.5,135
60,93.5,-27
-10,1.5,24
189,205,122.5
259.5,-75,109
80.5,-125.5,198
12,257,101.5
15.5,-100,29.5
282,32.5,13
-19,-86.5,-35.5
127,-23.5,42.5
